-- phpMyAdmin SQL Dump
-- version 5.2.0
-- https://www.phpmyadmin.net/
--
-- Host: 127.0.0.1
-- Generation Time: May 30, 2023 at 05:50 PM
-- Server version: 10.4.27-MariaDB
-- PHP Version: 8.2.0

SET SQL_MODE = "NO_AUTO_VALUE_ON_ZERO";
START TRANSACTION;
SET time_zone = "+00:00";


/*!40101 SET @OLD_CHARACTER_SET_CLIENT=@@CHARACTER_SET_CLIENT */;
/*!40101 SET @OLD_CHARACTER_SET_RESULTS=@@CHARACTER_SET_RESULTS */;
/*!40101 SET @OLD_COLLATION_CONNECTION=@@COLLATION_CONNECTION */;
/*!40101 SET NAMES utf8mb4 */;

--
-- Database: `e_com_single`
--

-- --------------------------------------------------------

--
-- Table structure for table `brands`
--

CREATE TABLE `brands` (
  `id` bigint(20) UNSIGNED NOT NULL,
  `name` varchar(255) NOT NULL,
  `description` text DEFAULT NULL,
  `image` text DEFAULT NULL,
  `status` tinyint(4) NOT NULL DEFAULT 1,
  `created_at` timestamp NULL DEFAULT NULL,
  `updated_at` timestamp NULL DEFAULT NULL
) ENGINE=InnoDB DEFAULT CHARSET=utf8mb4 COLLATE=utf8mb4_unicode_ci;

--
-- Dumping data for table `brands`
--

INSERT INTO `brands` (`id`, `name`, `description`, `image`, `status`, `created_at`, `updated_at`) VALUES
(1, 'Sony', 'Sony', 'upload/brand-images/s1_half-silk-exclusive-design-skin-printed-saree-for-women (1).webp', 1, '2023-05-29 14:34:35', '2023-05-29 14:34:35'),
(2, 'Yellow', 'Yellow', 'upload/brand-images/smallimage1 (1).jpg', 1, '2023-05-29 14:34:46', '2023-05-29 14:34:46'),
(3, 'Gentel Park', 'Gentel Park', 'upload/brand-images/s1_south-indian-cotton-gadwal.webp', 1, '2023-05-29 14:34:56', '2023-05-29 14:34:56');

-- --------------------------------------------------------

--
-- Table structure for table `categories`
--

CREATE TABLE `categories` (
  `id` bigint(20) UNSIGNED NOT NULL,
  `name` varchar(255) NOT NULL,
  `description` text DEFAULT NULL,
  `image` text DEFAULT NULL,
  `status` tinyint(4) NOT NULL DEFAULT 1,
  `created_at` timestamp NULL DEFAULT NULL,
  `updated_at` timestamp NULL DEFAULT NULL
) ENGINE=InnoDB DEFAULT CHARSET=utf8mb4 COLLATE=utf8mb4_unicode_ci;

--
-- Dumping data for table `categories`
--

INSERT INTO `categories` (`id`, `name`, `description`, `image`, `status`, `created_at`, `updated_at`) VALUES
(1, 'Man Fashion', 'Man Fashion', 'upload/category-images/s1_half-silk-exclusive-design-skin-printed-saree-for-women (1).webp', 1, '2023-05-29 12:59:37', '2023-05-29 12:59:37'),
(2, 'Woman Fashion', 'Woman Fashion', 'upload/category-images/s1_half-silk-exclusive-design-skin-printed-saree-for-women.webp', 1, '2023-05-29 12:59:48', '2023-05-29 12:59:48'),
(3, 'Electronics', 'Electronics', 'upload/category-images/s1_south-indian-cotton-gadwal.webp', 1, '2023-05-29 13:00:41', '2023-05-29 13:00:41'),
(4, 'Kids Fashion', 'Kids Fashion', 'upload/category-images/smallimage1 (1).jpg', 1, '2023-05-29 13:00:54', '2023-05-29 13:00:54'),
(5, 'Sports', 'Sports', 'upload/category-images/s1_half-silk-exclusive-design-skin-printed-saree-for-women (2).webp', 1, '2023-05-29 13:02:29', '2023-05-29 13:02:29');

-- --------------------------------------------------------

--
-- Table structure for table `failed_jobs`
--

CREATE TABLE `failed_jobs` (
  `id` bigint(20) UNSIGNED NOT NULL,
  `uuid` varchar(255) NOT NULL,
  `connection` text NOT NULL,
  `queue` text NOT NULL,
  `payload` longtext NOT NULL,
  `exception` longtext NOT NULL,
  `failed_at` timestamp NOT NULL DEFAULT current_timestamp()
) ENGINE=InnoDB DEFAULT CHARSET=utf8mb4 COLLATE=utf8mb4_unicode_ci;

-- --------------------------------------------------------

--
-- Table structure for table `migrations`
--

CREATE TABLE `migrations` (
  `id` int(10) UNSIGNED NOT NULL,
  `migration` varchar(255) NOT NULL,
  `batch` int(11) NOT NULL
) ENGINE=InnoDB DEFAULT CHARSET=utf8mb4 COLLATE=utf8mb4_unicode_ci;

--
-- Dumping data for table `migrations`
--

INSERT INTO `migrations` (`id`, `migration`, `batch`) VALUES
(1, '2014_10_12_000000_create_users_table', 1),
(2, '2014_10_12_100000_create_password_reset_tokens_table', 1),
(3, '2014_10_12_200000_add_two_factor_columns_to_users_table', 1),
(4, '2019_08_19_000000_create_failed_jobs_table', 1),
(5, '2019_12_14_000001_create_personal_access_tokens_table', 1),
(6, '2023_04_15_170948_create_sessions_table', 1),
(7, '2023_05_01_172123_create_categories_table', 1),
(8, '2023_05_20_163315_create_sub_categories_table', 1),
(9, '2023_05_20_170345_create_units_table', 1),
(10, '2023_05_20_170354_create_brands_table', 1),
(11, '2023_05_22_161835_create_products_table', 1),
(12, '2023_05_22_171635_create_other_images_table', 1),
(13, '2023_05_29_184843_create_brands_table', 2);

-- --------------------------------------------------------

--
-- Table structure for table `other_images`
--

CREATE TABLE `other_images` (
  `id` bigint(20) UNSIGNED NOT NULL,
  `product_id` int(11) NOT NULL,
  `image` text NOT NULL,
  `created_at` timestamp NULL DEFAULT NULL,
  `updated_at` timestamp NULL DEFAULT NULL
) ENGINE=InnoDB DEFAULT CHARSET=utf8mb4 COLLATE=utf8mb4_unicode_ci;

--
-- Dumping data for table `other_images`
--

INSERT INTO `other_images` (`id`, `product_id`, `image`, `created_at`, `updated_at`) VALUES
(1, 1, 'upload/product-other-images/114951.jpeg', '2023-05-29 14:51:34', '2023-05-29 14:51:34'),
(2, 1, 'upload/product-other-images/409337.jpeg', '2023-05-29 14:51:34', '2023-05-29 14:51:34'),
(3, 1, 'upload/product-other-images/315184.jpeg', '2023-05-29 14:51:34', '2023-05-29 14:51:34'),
(4, 2, 'upload/product-other-images/176554.jpeg', '2023-05-29 14:53:48', '2023-05-29 14:53:48'),
(5, 2, 'upload/product-other-images/106088.jpeg', '2023-05-29 14:53:48', '2023-05-29 14:53:48'),
(6, 2, 'upload/product-other-images/98953.jpeg', '2023-05-29 14:53:48', '2023-05-29 14:53:48'),
(7, 3, 'upload/product-other-images/295764.jpeg', '2023-05-29 14:55:52', '2023-05-29 14:55:52'),
(8, 3, 'upload/product-other-images/294233.jpeg', '2023-05-29 14:55:52', '2023-05-29 14:55:52'),
(9, 3, 'upload/product-other-images/281504.jpeg', '2023-05-29 14:55:52', '2023-05-29 14:55:52'),
(10, 4, 'upload/product-other-images/398095.jpeg', '2023-05-29 14:57:16', '2023-05-29 14:57:16'),
(11, 4, 'upload/product-other-images/215048.jpeg', '2023-05-29 14:57:16', '2023-05-29 14:57:16'),
(12, 4, 'upload/product-other-images/464417.jpeg', '2023-05-29 14:57:16', '2023-05-29 14:57:16'),
(13, 5, 'upload/product-other-images/393655.jpeg', '2023-05-29 14:58:31', '2023-05-29 14:58:31'),
(14, 5, 'upload/product-other-images/149347.jpeg', '2023-05-29 14:58:31', '2023-05-29 14:58:31'),
(15, 5, 'upload/product-other-images/424244.jpeg', '2023-05-29 14:58:31', '2023-05-29 14:58:31'),
(16, 7, 'upload/product-other-images/265345.webp', '2023-05-29 15:00:33', '2023-05-29 15:00:33'),
(17, 7, 'upload/product-other-images/206663.webp', '2023-05-29 15:00:33', '2023-05-29 15:00:33'),
(18, 8, 'upload/product-other-images/458708.jpeg', '2023-05-29 15:02:41', '2023-05-29 15:02:41'),
(19, 8, 'upload/product-other-images/117995.jpeg', '2023-05-29 15:02:41', '2023-05-29 15:02:41'),
(20, 8, 'upload/product-other-images/172971.jpeg', '2023-05-29 15:02:41', '2023-05-29 15:02:41'),
(21, 9, 'upload/product-other-images/351202.jpeg', '2023-05-29 15:04:01', '2023-05-29 15:04:01'),
(22, 9, 'upload/product-other-images/238713.jpeg', '2023-05-29 15:04:01', '2023-05-29 15:04:01'),
(23, 9, 'upload/product-other-images/11646.jpeg', '2023-05-29 15:04:01', '2023-05-29 15:04:01'),
(24, 10, 'upload/product-other-images/92732.webp', '2023-05-29 15:05:18', '2023-05-29 15:05:18'),
(25, 10, 'upload/product-other-images/400620.webp', '2023-05-29 15:05:18', '2023-05-29 15:05:18'),
(26, 11, 'upload/product-other-images/53764.jpeg', '2023-05-29 15:06:23', '2023-05-29 15:06:23'),
(27, 11, 'upload/product-other-images/252519.jpeg', '2023-05-29 15:06:23', '2023-05-29 15:06:23'),
(28, 11, 'upload/product-other-images/347530.jpeg', '2023-05-29 15:06:23', '2023-05-29 15:06:23');

-- --------------------------------------------------------

--
-- Table structure for table `password_reset_tokens`
--

CREATE TABLE `password_reset_tokens` (
  `email` varchar(255) NOT NULL,
  `token` varchar(255) NOT NULL,
  `created_at` timestamp NULL DEFAULT NULL
) ENGINE=InnoDB DEFAULT CHARSET=utf8mb4 COLLATE=utf8mb4_unicode_ci;

-- --------------------------------------------------------

--
-- Table structure for table `personal_access_tokens`
--

CREATE TABLE `personal_access_tokens` (
  `id` bigint(20) UNSIGNED NOT NULL,
  `tokenable_type` varchar(255) NOT NULL,
  `tokenable_id` bigint(20) UNSIGNED NOT NULL,
  `name` varchar(255) NOT NULL,
  `token` varchar(64) NOT NULL,
  `abilities` text DEFAULT NULL,
  `last_used_at` timestamp NULL DEFAULT NULL,
  `expires_at` timestamp NULL DEFAULT NULL,
  `created_at` timestamp NULL DEFAULT NULL,
  `updated_at` timestamp NULL DEFAULT NULL
) ENGINE=InnoDB DEFAULT CHARSET=utf8mb4 COLLATE=utf8mb4_unicode_ci;

-- --------------------------------------------------------

--
-- Table structure for table `products`
--

CREATE TABLE `products` (
  `id` bigint(20) UNSIGNED NOT NULL,
  `category_id` int(11) NOT NULL,
  `sub_category_id` int(11) NOT NULL,
  `brand_id` int(11) NOT NULL,
  `unit_id` int(11) NOT NULL,
  `name` varchar(255) NOT NULL,
  `code` varchar(255) NOT NULL,
  `model` varchar(255) DEFAULT NULL,
  `stock_amount` int(11) NOT NULL DEFAULT 0,
  `regular_price` int(11) NOT NULL DEFAULT 0,
  `selling_price` int(11) NOT NULL DEFAULT 0,
  `short_description` text DEFAULT NULL,
  `long_description` longtext DEFAULT NULL,
  `image` text DEFAULT NULL,
  `hit_count` int(11) NOT NULL DEFAULT 0,
  `sales_count` int(11) NOT NULL DEFAULT 0,
  `featured_status` tinyint(4) NOT NULL DEFAULT 0,
  `status` tinyint(4) NOT NULL DEFAULT 1,
  `created_at` timestamp NULL DEFAULT NULL,
  `updated_at` timestamp NULL DEFAULT NULL
) ENGINE=InnoDB DEFAULT CHARSET=utf8mb4 COLLATE=utf8mb4_unicode_ci;

--
-- Dumping data for table `products`
--

INSERT INTO `products` (`id`, `category_id`, `sub_category_id`, `brand_id`, `unit_id`, `name`, `code`, `model`, `stock_amount`, `regular_price`, `selling_price`, `short_description`, `long_description`, `image`, `hit_count`, `sales_count`, `featured_status`, `status`, `created_at`, `updated_at`) VALUES
(1, 1, 1, 2, 1, 'সলিড কালার জার্সি হাফ-স্লীভ টি-শার্ট ফর মেন', 'A1', 'A1', 10, 300, 200, 'আজকেরডিল একটি মার্কেটপ্লেস। এখানে সব প্রোডাক্ট মার্চেন্ট / বিক্রেতা সরবরাহ করে এবং প্রোডাক্টের গুনগত মানের দায়দায়িত্ব তাদের। সেজন্য গ্রাহকদের মার্চেন্ট ও প্রোডাক্টের রেটিং এবং রিভিউ দেখে পণ্য কেনার পরামর্শ দেয়া হচ্ছে। মার্চেন্ট ও প্রোডাক্টের কোন প্রকার অভিযোগ থাকলে আজকেরডিলের সাথে তাৎক্ষনিকভাবে যোগাযোগ করুন।', '<div class=\"product-detail-header\" style=\"padding: 8px; margin: 0px 0px 10px; width: 907.188px; float: left; background-color: rgb(233, 234, 235); color: rgb(51, 51, 51); font-family: SolaimanLipi, helvetica, verdana;\"><div class=\"header-text-new\" style=\"padding: 0px; margin: 0px; float: left; width: 445.594px; font-size: 15px; color: rgb(93, 90, 90); font-family: SolaimanLipi, Helvetica, Verdana;\"><h2 style=\"padding: 0px; margin: 4px 0px 2px; font-family: SolaimanLipi, Vrinda, Helvetica, Verdana, sans-serif; line-height: 1.1; font-size: 15px;\">প্রোডাক্টের বিবরণ :&nbsp;<span class=\"deal-title-new\" style=\"padding: 0px; margin: 0px;\">সলিড কালার জার্সি হাফ-স্লীভ টি-শার্ট ফর মেন</span></h2></div><div class=\"header-code-text\" style=\"padding: 0px; margin: 0px; float: left; width: 445.594px; text-align: right; font-family: SolaimanLipi, Helvetica, Verdana; color: rgb(93, 90, 90);\"><span style=\"padding: 0px; margin: 0px;\">ডিল কোড:</span>&nbsp;<span id=\"DealCodeLabel\" style=\"padding: 0px; margin: 0px;\">১৪০১৪১৫</span></div></div><div class=\"product-details-text-wrapper\" style=\"padding: 0px; margin: 10px 0px 20px; width: 907.188px; float: left; color: rgb(51, 51, 51); font-family: SolaimanLipi, helvetica, verdana;\"><div class=\"product-details-text\" style=\"padding: 0px; margin: 0px; width: 907.188px; float: left; line-height: 27px; color: rgb(93, 90, 90);\"><span style=\"padding: 0px; margin: 0px 10px 0px 0px;\"><img src=\"https://static.ajkerdeal.com/images/dealdetailsnew/dealdetails_arrow.svg\" style=\"padding: 0px; margin-right: 0px; margin-bottom: 0px; margin-left: 0px; border: 0px; margin-top: -5px !important;\"></span><span style=\"padding: 0px; margin: 0px 10px 0px 0px;\">﻿88% Polyester, 12% Spandex</span></div><div class=\"product-details-text\" style=\"padding: 0px; margin: 0px; width: 907.188px; float: left; line-height: 27px; color: rgb(93, 90, 90);\"><span style=\"padding: 0px; margin: 0px 10px 0px 0px;\"><img src=\"https://static.ajkerdeal.com/images/dealdetailsnew/dealdetails_arrow.svg\" style=\"padding: 0px; margin-right: 0px; margin-bottom: 0px; margin-left: 0px; border: 0px; margin-top: -5px !important;\"></span><span style=\"padding: 0px; margin: 0px 10px 0px 0px;\">&nbsp;Gender: Men</span></div><div class=\"product-details-text\" style=\"padding: 0px; margin: 0px; width: 907.188px; float: left; line-height: 27px; color: rgb(93, 90, 90);\"><span style=\"padding: 0px; margin: 0px 10px 0px 0px;\"><img src=\"https://static.ajkerdeal.com/images/dealdetailsnew/dealdetails_arrow.svg\" style=\"padding: 0px; margin-right: 0px; margin-bottom: 0px; margin-left: 0px; border: 0px; margin-top: -5px !important;\"></span><span style=\"padding: 0px; margin: 0px 10px 0px 0px;\">&nbsp;Digital Print</span></div><div class=\"product-details-text\" style=\"padding: 0px; margin: 0px; width: 907.188px; float: left; line-height: 27px; color: rgb(93, 90, 90);\"><span style=\"padding: 0px; margin: 0px 10px 0px 0px;\"><img src=\"https://static.ajkerdeal.com/images/dealdetailsnew/dealdetails_arrow.svg\" style=\"padding: 0px; margin-right: 0px; margin-bottom: 0px; margin-left: 0px; border: 0px; margin-top: -5px !important;\"></span><span style=\"padding: 0px; margin: 0px 10px 0px 0px;\">&nbsp;Gsm: 160-170</span></div><div class=\"product-details-text\" style=\"padding: 0px; margin: 0px; width: 907.188px; float: left; line-height: 27px; color: rgb(93, 90, 90);\"><span style=\"padding: 0px; margin: 0px 10px 0px 0px;\"><img src=\"https://static.ajkerdeal.com/images/dealdetailsnew/dealdetails_arrow.svg\" style=\"padding: 0px; margin-right: 0px; margin-bottom: 0px; margin-left: 0px; border: 0px; margin-top: -5px !important;\"></span><span style=\"padding: 0px; margin: 0px 10px 0px 0px;\">&nbsp;Size: M-Length 27,Chest 38</span></div><div class=\"product-details-text\" style=\"padding: 0px; margin: 0px; width: 907.188px; float: left; line-height: 27px; color: rgb(93, 90, 90);\"><span style=\"padding: 0px; margin: 0px 10px 0px 0px;\"><img src=\"https://static.ajkerdeal.com/images/dealdetailsnew/dealdetails_arrow.svg\" style=\"padding: 0px; margin-right: 0px; margin-bottom: 0px; margin-left: 0px; border: 0px; margin-top: -5px !important;\"></span><span style=\"padding: 0px; margin: 0px 10px 0px 0px;\">&nbsp;Size: L-Length 28,Chest 40</span></div><div class=\"product-details-text\" style=\"padding: 0px; margin: 0px; width: 907.188px; float: left; line-height: 27px; color: rgb(93, 90, 90);\"><span style=\"padding: 0px; margin: 0px 10px 0px 0px;\"><img src=\"https://static.ajkerdeal.com/images/dealdetailsnew/dealdetails_arrow.svg\" style=\"padding: 0px; margin-right: 0px; margin-bottom: 0px; margin-left: 0px; border: 0px; margin-top: -5px !important;\"></span><span style=\"padding: 0px; margin: 0px 10px 0px 0px;\">&nbsp;Size : XL-Length 29,Chest 42</span></div></div><h3 style=\"padding: 0px; margin: 20px 0px 18.1406px; font-family: SolaimanLipi, Vrinda, Helvetica, Verdana, sans-serif; line-height: 1.1; color: rgb(51, 51, 51); font-size: 14px;\"><span class=\"deal-title-new\" style=\"padding: 0px; margin: 0px;\">সলিড কালার জার্সি হাফ-স্লীভ টি-শার্ট ফর মেন</span>কিনুন বাংলাদেশের সেরা দামে</h3><div class=\"product-specification-container\" style=\"padding: 0px; margin: 0px 0px 18.1406px; color: rgb(51, 51, 51); font-family: SolaimanLipi, helvetica, verdana;\"><span class=\"product-specification-head\" style=\"padding: 0px; margin: 0px 0px 10px; width: 907.188px; float: left; background-color: rgb(233, 234, 235);\"><h2 style=\"padding: 0px; margin: 10px 0px; font-family: SolaimanLipi, Vrinda, Helvetica, Verdana, sans-serif; line-height: 1.1; font-size: 15px;\"><span class=\"deal-title-new\" style=\"padding: 0px; margin: 0px;\">সলিড কালার জার্সি হাফ-স্লীভ টি-শার্ট ফর মেন</span>- Product Specification</h2></span><div class=\"product-detail-header-wrapper\" style=\"padding: 8px; margin: 0px 0px 10px; width: 907.188px; float: left;\"><div class=\"header-text-new\" style=\"padding: 0px; margin: 0px; float: left; width: 445.594px; font-size: 15px; color: rgb(93, 90, 90); font-family: SolaimanLipi, Helvetica, Verdana;\"><span class=\"specication-header\" style=\"padding: 0px; margin: 0px; font-weight: 700; color: rgb(0, 0, 0);\">ব্র্যান্ড :</span><span id=\"BrandNameInProuductDetails\" style=\"padding: 0px; margin: 0px;\"></span></div><div class=\"header-code-text\" style=\"padding: 0px; margin: 0px; float: left; width: 445.594px; text-align: right; font-family: SolaimanLipi, Helvetica, Verdana; color: rgb(93, 90, 90);\"><span class=\"specication-header\" style=\"padding: 0px; margin: 0px; font-size: 15px; font-weight: 700; color: rgb(0, 0, 0);\">ডিল কোড:&nbsp;</span><span id=\"DealCodeInProuductDetails\" style=\"padding: 0px; margin: 0px;\">১৪০১৪১৫</span></div></div><div class=\"product-detail-header-wrapper\" style=\"padding: 8px; margin: 0px 0px 10px; width: 907.188px; float: left;\"><div class=\"header-text-new\" style=\"padding: 0px; margin: 0px; float: left; width: 445.594px; font-size: 15px; color: rgb(93, 90, 90); font-family: SolaimanLipi, Helvetica, Verdana;\"><span class=\"specication-header\" style=\"padding: 0px; margin: 0px; font-weight: 700; color: rgb(0, 0, 0);\">বৈশিষ্ট্যসমূহ :</span><span class=\"feautures-wrapper\" style=\"padding: 0px; margin: 0px;\"><div class=\"product-details-text\" style=\"padding: 0px; margin: 0px; width: 445.594px; float: left; font-size: 14px; line-height: 27px;\"><span style=\"padding: 0px; margin: 0px 10px 0px 0px;\"><img src=\"https://static.ajkerdeal.com/images/dealdetailsnew/dealdetails_arrow.svg\" style=\"padding: 0px; margin-right: 0px; margin-bottom: 0px; margin-left: 0px; border: 0px; margin-top: -5px !important;\"></span><span style=\"padding: 0px; margin: 0px 10px 0px 0px;\">প্রযোজ্য নয়</span></div></span></div><div class=\"header-code-text\" style=\"padding: 0px; margin: 0px; float: left; width: 445.594px; text-align: right; font-family: SolaimanLipi, Helvetica, Verdana; color: rgb(93, 90, 90);\"><span class=\"specication-header\" style=\"padding: 0px; margin: 0px; font-size: 15px; font-weight: 700; color: rgb(0, 0, 0);\">মডেল :</span><span id=\"ModelNo\" style=\"padding: 0px; margin: 0px;\"><div class=\"product-details-text\" style=\"padding: 0px; margin: 0px; width: 445.594px; float: left; line-height: 27px;\"><span style=\"padding: 0px; margin: 0px 10px 0px 0px;\"><img src=\"https://static.ajkerdeal.com/images/dealdetailsnew/dealdetails_arrow.svg\" style=\"padding: 0px; margin-right: 0px; margin-bottom: 0px; margin-left: 0px; border: 0px; margin-top: -5px !important;\"></span><span style=\"padding: 0px; margin: 0px 10px 0px 0px;\">প্রযোজ্য নয়</span></div></span></div></div><div class=\"product-specification-text-wrapper\" style=\"padding: 0px; margin: 9.0625px 0px 0px;\"></div><div class=\"product-detail-header-wrapper\" style=\"padding: 8px; margin: 0px 0px 10px; width: 907.188px; float: left;\"><div class=\"header-text-new\" style=\"padding: 0px; margin: 0px; float: left; width: 445.594px; font-size: 15px; color: rgb(93, 90, 90); font-family: SolaimanLipi, Helvetica, Verdana;\"><span class=\"specication-header\" style=\"padding: 0px; margin: 0px; font-weight: 700; color: rgb(0, 0, 0);\">প্যাকেটে যা থাকছে :</span></div></div><div class=\"packets-includes-product-wrapper\" style=\"padding: 0px; margin: 0px;\"><span class=\"packets-includes-product-text\" style=\"padding: 0px; margin: 0px 0px 0px 10px;\"><div class=\"product-details-text\" style=\"padding: 0px; margin: 0px; width: 907.188px; float: left; line-height: 27px; color: rgb(93, 90, 90);\"><span style=\"padding: 0px; margin: 0px 10px 0px 0px;\"><img src=\"https://static.ajkerdeal.com/images/dealdetailsnew/dealdetails_arrow.svg\" style=\"padding: 0px; margin-right: 0px; margin-bottom: 0px; margin-left: 0px; border: 0px; margin-top: -5px !important;\"></span><span style=\"padding: 0px; margin: 0px 10px 0px 0px;\">সলিড কালার জার্সি হাফ-স্লীভ টি-শার্ট ফর মেন</span></div></span></div></div>', 'upload/product-images/tshirt.webp', 0, 0, 0, 1, '2023-05-29 14:51:34', '2023-05-29 14:51:34'),
(2, 1, 1, 3, 1, 'জার্সি হাফ-স্লীভ টি-শার্ট ফর মেন', 'a2', 'a2', 60, 200, 150, 'আজকেরডিল একটি মার্কেটপ্লেস। এখানে সব প্রোডাক্ট মার্চেন্ট / বিক্রেতা সরবরাহ করে এবং প্রোডাক্টের গুনগত মানের দায়দায়িত্ব তাদের। সেজন্য গ্রাহকদের মার্চেন্ট ও প্রোডাক্টের রেটিং এবং রিভিউ দেখে পণ্য কেনার পরামর্শ দেয়া হচ্ছে। মার্চেন্ট ও প্রোডাক্টের কোন প্রকার অভিযোগ থাকলে আজকেরডিলের সাথে তাৎক্ষনিকভাবে যোগাযোগ করুন।', '<div class=\"product-details-container\" style=\"padding: 0px; margin: 0px; width: 907.188px; float: left;\"><div class=\"product-detail-header\" style=\"padding: 8px; margin: 0px 0px 10px; width: 907.188px; float: left; background-color: rgb(233, 234, 235);\"><div class=\"header-text-new\" style=\"padding: 0px; margin: 0px; float: left; width: 445.594px; font-size: 15px; color: rgb(93, 90, 90); font-family: SolaimanLipi, Helvetica, Verdana;\"><h2 style=\"padding: 0px; margin: 4px 0px 2px; font-family: SolaimanLipi, Vrinda, Helvetica, Verdana, sans-serif; line-height: 1.1; font-size: 15px;\">প্রোডাক্টের বিবরণ :&nbsp;<span class=\"deal-title-new\" style=\"padding: 0px; margin: 0px;\">জার্সি হাফ-স্লীভ টি-শার্ট ফর মেন</span></h2></div><div class=\"header-code-text\" style=\"padding: 0px; margin: 0px; float: left; width: 445.594px; text-align: right; font-family: SolaimanLipi, Helvetica, Verdana; color: rgb(93, 90, 90);\"><span style=\"padding: 0px; margin: 0px;\">ডিল কোড:</span>&nbsp;<span id=\"DealCodeLabel\" style=\"padding: 0px; margin: 0px;\">১৪০১৪১৩</span></div></div><div class=\"product-details-text-wrapper\" style=\"padding: 0px; margin: 10px 0px 20px; width: 907.188px; float: left;\"><div class=\"product-details-text\" style=\"padding: 0px; margin: 0px; width: 907.188px; float: left; line-height: 27px; color: rgb(93, 90, 90);\"><span style=\"padding: 0px; margin: 0px 10px 0px 0px;\"><img src=\"https://static.ajkerdeal.com/images/dealdetailsnew/dealdetails_arrow.svg\" style=\"padding: 0px; margin-right: 0px; margin-bottom: 0px; margin-left: 0px; border: 0px; margin-top: -5px !important;\"></span><span style=\"padding: 0px; margin: 0px 10px 0px 0px;\">﻿88% Polyester, 12% Spandex</span></div><div class=\"product-details-text\" style=\"padding: 0px; margin: 0px; width: 907.188px; float: left; line-height: 27px; color: rgb(93, 90, 90);\"><span style=\"padding: 0px; margin: 0px 10px 0px 0px;\"><img src=\"https://static.ajkerdeal.com/images/dealdetailsnew/dealdetails_arrow.svg\" style=\"padding: 0px; margin-right: 0px; margin-bottom: 0px; margin-left: 0px; border: 0px; margin-top: -5px !important;\"></span><span style=\"padding: 0px; margin: 0px 10px 0px 0px;\">&nbsp;Gender: Men</span></div><div class=\"product-details-text\" style=\"padding: 0px; margin: 0px; width: 907.188px; float: left; line-height: 27px; color: rgb(93, 90, 90);\"><span style=\"padding: 0px; margin: 0px 10px 0px 0px;\"><img src=\"https://static.ajkerdeal.com/images/dealdetailsnew/dealdetails_arrow.svg\" style=\"padding: 0px; margin-right: 0px; margin-bottom: 0px; margin-left: 0px; border: 0px; margin-top: -5px !important;\"></span><span style=\"padding: 0px; margin: 0px 10px 0px 0px;\">&nbsp;Digital Print</span></div><div class=\"product-details-text\" style=\"padding: 0px; margin: 0px; width: 907.188px; float: left; line-height: 27px; color: rgb(93, 90, 90);\"><span style=\"padding: 0px; margin: 0px 10px 0px 0px;\"><img src=\"https://static.ajkerdeal.com/images/dealdetailsnew/dealdetails_arrow.svg\" style=\"padding: 0px; margin-right: 0px; margin-bottom: 0px; margin-left: 0px; border: 0px; margin-top: -5px !important;\"></span><span style=\"padding: 0px; margin: 0px 10px 0px 0px;\">&nbsp;Gsm: 160-170</span></div><div class=\"product-details-text\" style=\"padding: 0px; margin: 0px; width: 907.188px; float: left; line-height: 27px; color: rgb(93, 90, 90);\"><span style=\"padding: 0px; margin: 0px 10px 0px 0px;\"><img src=\"https://static.ajkerdeal.com/images/dealdetailsnew/dealdetails_arrow.svg\" style=\"padding: 0px; margin-right: 0px; margin-bottom: 0px; margin-left: 0px; border: 0px; margin-top: -5px !important;\"></span><span style=\"padding: 0px; margin: 0px 10px 0px 0px;\">&nbsp;Size: M-Length 27,Chest 38</span></div><div class=\"product-details-text\" style=\"padding: 0px; margin: 0px; width: 907.188px; float: left; line-height: 27px; color: rgb(93, 90, 90);\"><span style=\"padding: 0px; margin: 0px 10px 0px 0px;\"><img src=\"https://static.ajkerdeal.com/images/dealdetailsnew/dealdetails_arrow.svg\" style=\"padding: 0px; margin-right: 0px; margin-bottom: 0px; margin-left: 0px; border: 0px; margin-top: -5px !important;\"></span><span style=\"padding: 0px; margin: 0px 10px 0px 0px;\">&nbsp;Size: L-Length 28,Chest 40</span></div><div class=\"product-details-text\" style=\"padding: 0px; margin: 0px; width: 907.188px; float: left; line-height: 27px; color: rgb(93, 90, 90);\"><span style=\"padding: 0px; margin: 0px 10px 0px 0px;\"><img src=\"https://static.ajkerdeal.com/images/dealdetailsnew/dealdetails_arrow.svg\" style=\"padding: 0px; margin-right: 0px; margin-bottom: 0px; margin-left: 0px; border: 0px; margin-top: -5px !important;\"></span><span style=\"padding: 0px; margin: 0px 10px 0px 0px;\">&nbsp;Size : XL-Length 29,Chest 42</span></div></div><h3 style=\"padding: 0px; margin: 20px 0px 18.1406px; font-family: SolaimanLipi, Vrinda, Helvetica, Verdana, sans-serif; line-height: 1.1; font-size: 14px;\"><span class=\"deal-title-new\" style=\"padding: 0px; margin: 0px;\">জার্সি হাফ-স্লীভ টি-শার্ট ফর মেন</span>কিনুন বাংলাদেশের সেরা দামে</h3><div class=\"product-specification-container\" style=\"padding: 0px; margin: 0px 0px 18.1406px;\"><span class=\"product-specification-head\" style=\"padding: 0px; margin: 0px 0px 10px; width: 907.188px; float: left; background-color: rgb(233, 234, 235);\"><h2 style=\"padding: 0px; margin: 10px 0px; font-family: SolaimanLipi, Vrinda, Helvetica, Verdana, sans-serif; line-height: 1.1; font-size: 15px;\"><span class=\"deal-title-new\" style=\"padding: 0px; margin: 0px;\">জার্সি হাফ-স্লীভ টি-শার্ট ফর মেন</span>- Product Specification</h2></span><div class=\"product-detail-header-wrapper\" style=\"padding: 8px; margin: 0px 0px 10px; width: 907.188px; float: left;\"><div class=\"header-text-new\" style=\"padding: 0px; margin: 0px; float: left; width: 445.594px; font-size: 15px; color: rgb(93, 90, 90); font-family: SolaimanLipi, Helvetica, Verdana;\"><span class=\"specication-header\" style=\"padding: 0px; margin: 0px; font-weight: 700; color: rgb(0, 0, 0);\">ব্র্যান্ড :</span><span id=\"BrandNameInProuductDetails\" style=\"padding: 0px; margin: 0px;\"></span></div><div class=\"header-code-text\" style=\"padding: 0px; margin: 0px; float: left; width: 445.594px; text-align: right; font-family: SolaimanLipi, Helvetica, Verdana; color: rgb(93, 90, 90);\"><span class=\"specication-header\" style=\"padding: 0px; margin: 0px; font-size: 15px; font-weight: 700; color: rgb(0, 0, 0);\">ডিল কোড:&nbsp;</span><span id=\"DealCodeInProuductDetails\" style=\"padding: 0px; margin: 0px;\">১৪০১৪১৩</span></div></div><div class=\"product-detail-header-wrapper\" style=\"padding: 8px; margin: 0px 0px 10px; width: 907.188px; float: left;\"><div class=\"header-text-new\" style=\"padding: 0px; margin: 0px; float: left; width: 445.594px; font-size: 15px; color: rgb(93, 90, 90); font-family: SolaimanLipi, Helvetica, Verdana;\"><span class=\"specication-header\" style=\"padding: 0px; margin: 0px; font-weight: 700; color: rgb(0, 0, 0);\">বৈশিষ্ট্যসমূহ :</span><span class=\"feautures-wrapper\" style=\"padding: 0px; margin: 0px;\"><div class=\"product-details-text\" style=\"padding: 0px; margin: 0px; width: 445.594px; float: left; font-size: 14px; line-height: 27px;\"><span style=\"padding: 0px; margin: 0px 10px 0px 0px;\"><img src=\"https://static.ajkerdeal.com/images/dealdetailsnew/dealdetails_arrow.svg\" style=\"padding: 0px; margin-right: 0px; margin-bottom: 0px; margin-left: 0px; border: 0px; margin-top: -5px !important;\"></span><span style=\"padding: 0px; margin: 0px 10px 0px 0px;\">প্রযোজ্য নয়</span></div></span></div><div class=\"header-code-text\" style=\"padding: 0px; margin: 0px; float: left; width: 445.594px; text-align: right; font-family: SolaimanLipi, Helvetica, Verdana; color: rgb(93, 90, 90);\"><span class=\"specication-header\" style=\"padding: 0px; margin: 0px; font-size: 15px; font-weight: 700; color: rgb(0, 0, 0);\">মডেল :</span><span id=\"ModelNo\" style=\"padding: 0px; margin: 0px;\"><div class=\"product-details-text\" style=\"padding: 0px; margin: 0px; width: 445.594px; float: left; line-height: 27px;\"><span style=\"padding: 0px; margin: 0px 10px 0px 0px;\"><img src=\"https://static.ajkerdeal.com/images/dealdetailsnew/dealdetails_arrow.svg\" style=\"padding: 0px; margin-right: 0px; margin-bottom: 0px; margin-left: 0px; border: 0px; margin-top: -5px !important;\"></span><span style=\"padding: 0px; margin: 0px 10px 0px 0px;\">প্রযোজ্য নয়</span></div></span></div></div><div class=\"product-specification-text-wrapper\" style=\"padding: 0px; margin: 9.0625px 0px 0px;\"></div><div class=\"product-detail-header-wrapper\" style=\"padding: 8px; margin: 0px 0px 10px; width: 907.188px; float: left;\"><div class=\"header-text-new\" style=\"padding: 0px; margin: 0px; float: left; width: 445.594px; font-size: 15px; color: rgb(93, 90, 90); font-family: SolaimanLipi, Helvetica, Verdana;\"><span class=\"specication-header\" style=\"padding: 0px; margin: 0px; font-weight: 700; color: rgb(0, 0, 0);\">প্যাকেটে যা থাকছে :</span></div></div><div class=\"packets-includes-product-wrapper\" style=\"padding: 0px; margin: 0px;\"><span class=\"packets-includes-product-text\" style=\"padding: 0px; margin: 0px 0px 0px 10px;\"><div class=\"product-details-text\" style=\"padding: 0px; margin: 0px; width: 907.188px; float: left; line-height: 27px; color: rgb(93, 90, 90);\"><span style=\"padding: 0px; margin: 0px 10px 0px 0px;\"><img src=\"https://static.ajkerdeal.com/images/dealdetailsnew/dealdetails_arrow.svg\" style=\"padding: 0px; margin-right: 0px; margin-bottom: 0px; margin-left: 0px; border: 0px; margin-top: -5px !important;\"></span><span style=\"padding: 0px; margin: 0px 10px 0px 0px;\">জার্সি হাফ-স্লীভ টি-শার্ট ফর মেন</span></div></span></div></div></div><div class=\"cash-back-Condition-wrapper\" style=\"padding: 0px; margin: 0px; width: 907.188px; float: left;\"><div class=\"cash-back-header\" style=\"padding: 10px; margin: 0px; width: 907.188px; float: left; background-color: rgb(233, 234, 235); color: rgb(51, 51, 51); font-family: SolaimanLipi, helvetica, verdana;\"><div class=\"cash-back-header-text-new\" style=\"padding: 0px; margin: 0px;\"></div></div></div>', 'upload/product-images/s1_jersey-half-hata-comfortable-tshirt.webp', 0, 0, 0, 1, '2023-05-29 14:53:48', '2023-05-29 14:53:48'),
(3, 1, 1, 3, 1, 'হাফ-স্লীভ টি-শার্ট ফর সামার', 'a3', 'a3', 15, 400, 300, 'আজকেরডিল একটি মার্কেটপ্লেস। এখানে সব প্রোডাক্ট মার্চেন্ট / বিক্রেতা সরবরাহ করে এবং প্রোডাক্টের গুনগত মানের দায়দায়িত্ব তাদের। সেজন্য গ্রাহকদের মার্চেন্ট ও প্রোডাক্টের রেটিং এবং রিভিউ দেখে পণ্য কেনার পরামর্শ দেয়া হচ্ছে। মার্চেন্ট ও প্রোডাক্টের কোন প্রকার অভিযোগ থাকলে আজকেরডিলের সাথে তাৎক্ষনিকভাবে যোগাযোগ করুন।', '<div class=\"product-detail-header\" style=\"padding: 8px; margin: 0px 0px 10px; width: 907.188px; float: left; background-color: rgb(233, 234, 235); color: rgb(51, 51, 51); font-family: SolaimanLipi, helvetica, verdana;\"><div class=\"header-text-new\" style=\"padding: 0px; margin: 0px; float: left; width: 445.594px; font-size: 15px; color: rgb(93, 90, 90); font-family: SolaimanLipi, Helvetica, Verdana;\"><h2 style=\"padding: 0px; margin: 4px 0px 2px; font-family: SolaimanLipi, Vrinda, Helvetica, Verdana, sans-serif; line-height: 1.1; font-size: 15px;\">প্রোডাক্টের বিবরণ :&nbsp;<span class=\"deal-title-new\" style=\"padding: 0px; margin: 0px;\">হাফ-স্লীভ টি-শার্ট ফর সামার</span></h2></div><div class=\"header-code-text\" style=\"padding: 0px; margin: 0px; float: left; width: 445.594px; text-align: right; font-family: SolaimanLipi, Helvetica, Verdana; color: rgb(93, 90, 90);\"><span style=\"padding: 0px; margin: 0px;\">ডিল কোড:</span>&nbsp;<span id=\"DealCodeLabel\" style=\"padding: 0px; margin: 0px;\">১৪০১৪০৯</span></div></div><div class=\"product-details-text-wrapper\" style=\"padding: 0px; margin: 10px 0px 20px; width: 907.188px; float: left; color: rgb(51, 51, 51); font-family: SolaimanLipi, helvetica, verdana;\"><div class=\"product-details-text\" style=\"padding: 0px; margin: 0px; width: 907.188px; float: left; line-height: 27px; color: rgb(93, 90, 90);\"><span style=\"padding: 0px; margin: 0px 10px 0px 0px;\"><img src=\"https://static.ajkerdeal.com/images/dealdetailsnew/dealdetails_arrow.svg\" style=\"padding: 0px; margin-right: 0px; margin-bottom: 0px; margin-left: 0px; border: 0px; margin-top: -5px !important;\"></span><span style=\"padding: 0px; margin: 0px 10px 0px 0px;\">100% Color &amp; Print Guarantee</span></div><div class=\"product-details-text\" style=\"padding: 0px; margin: 0px; width: 907.188px; float: left; line-height: 27px; color: rgb(93, 90, 90);\"><span style=\"padding: 0px; margin: 0px 10px 0px 0px;\"><img src=\"https://static.ajkerdeal.com/images/dealdetailsnew/dealdetails_arrow.svg\" style=\"padding: 0px; margin-right: 0px; margin-bottom: 0px; margin-left: 0px; border: 0px; margin-top: -5px !important;\"></span><span style=\"padding: 0px; margin: 0px 10px 0px 0px;\">&nbsp;Product details of Tshirt</span></div><div class=\"product-details-text\" style=\"padding: 0px; margin: 0px; width: 907.188px; float: left; line-height: 27px; color: rgb(93, 90, 90);\"><span style=\"padding: 0px; margin: 0px 10px 0px 0px;\"><img src=\"https://static.ajkerdeal.com/images/dealdetailsnew/dealdetails_arrow.svg\" style=\"padding: 0px; margin-right: 0px; margin-bottom: 0px; margin-left: 0px; border: 0px; margin-top: -5px !important;\"></span><span style=\"padding: 0px; margin: 0px 10px 0px 0px;\">&nbsp;Product Type: T-shirt</span></div><div class=\"product-details-text\" style=\"padding: 0px; margin: 0px; width: 907.188px; float: left; line-height: 27px; color: rgb(93, 90, 90);\"><span style=\"padding: 0px; margin: 0px 10px 0px 0px;\"><img src=\"https://static.ajkerdeal.com/images/dealdetailsnew/dealdetails_arrow.svg\" style=\"padding: 0px; margin-right: 0px; margin-bottom: 0px; margin-left: 0px; border: 0px; margin-top: -5px !important;\"></span><span style=\"padding: 0px; margin: 0px 10px 0px 0px;\">&nbsp;Main Material: Taiwan CVC (Jersey)</span></div><div class=\"product-details-text\" style=\"padding: 0px; margin: 0px; width: 907.188px; float: left; line-height: 27px; color: rgb(93, 90, 90);\"><span style=\"padding: 0px; margin: 0px 10px 0px 0px;\"><img src=\"https://static.ajkerdeal.com/images/dealdetailsnew/dealdetails_arrow.svg\" style=\"padding: 0px; margin-right: 0px; margin-bottom: 0px; margin-left: 0px; border: 0px; margin-top: -5px !important;\"></span><span style=\"padding: 0px; margin: 0px 10px 0px 0px;\">&nbsp;Gender: Men &amp; Women</span></div><div class=\"product-details-text\" style=\"padding: 0px; margin: 0px; width: 907.188px; float: left; line-height: 27px; color: rgb(93, 90, 90);\"><span style=\"padding: 0px; margin: 0px 10px 0px 0px;\"><img src=\"https://static.ajkerdeal.com/images/dealdetailsnew/dealdetails_arrow.svg\" style=\"padding: 0px; margin-right: 0px; margin-bottom: 0px; margin-left: 0px; border: 0px; margin-top: -5px !important;\"></span><span style=\"padding: 0px; margin: 0px 10px 0px 0px;\">&nbsp;Comfortable and Fashionable</span></div><div class=\"product-details-text\" style=\"padding: 0px; margin: 0px; width: 907.188px; float: left; line-height: 27px; color: rgb(93, 90, 90);\"><span style=\"padding: 0px; margin: 0px 10px 0px 0px;\"><img src=\"https://static.ajkerdeal.com/images/dealdetailsnew/dealdetails_arrow.svg\" style=\"padding: 0px; margin-right: 0px; margin-bottom: 0px; margin-left: 0px; border: 0px; margin-top: -5px !important;\"></span><span style=\"padding: 0px; margin: 0px 10px 0px 0px;\">&nbsp;Gsm: 160-170</span></div><div class=\"product-details-text\" style=\"padding: 0px; margin: 0px; width: 907.188px; float: left; line-height: 27px; color: rgb(93, 90, 90);\"><span style=\"padding: 0px; margin: 0px 10px 0px 0px;\"><img src=\"https://static.ajkerdeal.com/images/dealdetailsnew/dealdetails_arrow.svg\" style=\"padding: 0px; margin-right: 0px; margin-bottom: 0px; margin-left: 0px; border: 0px; margin-top: -5px !important;\"></span><span style=\"padding: 0px; margin: 0px 10px 0px 0px;\">&nbsp;Size: S, M, L, XL, XXL</span></div><div class=\"product-details-text\" style=\"padding: 0px; margin: 0px; width: 907.188px; float: left; line-height: 27px; color: rgb(93, 90, 90);\"><span style=\"padding: 0px; margin: 0px 10px 0px 0px;\"><img src=\"https://static.ajkerdeal.com/images/dealdetailsnew/dealdetails_arrow.svg\" style=\"padding: 0px; margin-right: 0px; margin-bottom: 0px; margin-left: 0px; border: 0px; margin-top: -5px !important;\"></span><span style=\"padding: 0px; margin: 0px 10px 0px 0px;\">&nbsp;Size: S-Length 26, Chest 36</span></div><div class=\"product-details-text\" style=\"padding: 0px; margin: 0px; width: 907.188px; float: left; line-height: 27px; color: rgb(93, 90, 90);\"><span style=\"padding: 0px; margin: 0px 10px 0px 0px;\"><img src=\"https://static.ajkerdeal.com/images/dealdetailsnew/dealdetails_arrow.svg\" style=\"padding: 0px; margin-right: 0px; margin-bottom: 0px; margin-left: 0px; border: 0px; margin-top: -5px !important;\"></span><span style=\"padding: 0px; margin: 0px 10px 0px 0px;\">&nbsp;Size: M-Length 27, Chest 38</span></div><div class=\"product-details-text\" style=\"padding: 0px; margin: 0px; width: 907.188px; float: left; line-height: 27px; color: rgb(93, 90, 90);\"><span style=\"padding: 0px; margin: 0px 10px 0px 0px;\"><img src=\"https://static.ajkerdeal.com/images/dealdetailsnew/dealdetails_arrow.svg\" style=\"padding: 0px; margin-right: 0px; margin-bottom: 0px; margin-left: 0px; border: 0px; margin-top: -5px !important;\"></span><span style=\"padding: 0px; margin: 0px 10px 0px 0px;\">&nbsp;Size: L-Length 28, Chest 40</span></div><div class=\"product-details-text\" style=\"padding: 0px; margin: 0px; width: 907.188px; float: left; line-height: 27px; color: rgb(93, 90, 90);\"><span style=\"padding: 0px; margin: 0px 10px 0px 0px;\"><img src=\"https://static.ajkerdeal.com/images/dealdetailsnew/dealdetails_arrow.svg\" style=\"padding: 0px; margin-right: 0px; margin-bottom: 0px; margin-left: 0px; border: 0px; margin-top: -5px !important;\"></span><span style=\"padding: 0px; margin: 0px 10px 0px 0px;\">&nbsp;Size : XL-Length 29, Chest 42</span></div><div class=\"product-details-text\" style=\"padding: 0px; margin: 0px; width: 907.188px; float: left; line-height: 27px; color: rgb(93, 90, 90);\"><span style=\"padding: 0px; margin: 0px 10px 0px 0px;\"><img src=\"https://static.ajkerdeal.com/images/dealdetailsnew/dealdetails_arrow.svg\" style=\"padding: 0px; margin-right: 0px; margin-bottom: 0px; margin-left: 0px; border: 0px; margin-top: -5px !important;\"></span><span style=\"padding: 0px; margin: 0px 10px 0px 0px;\">&nbsp;Size: XXL-Length 30, Chest 44</span></div></div><h3 style=\"padding: 0px; margin: 20px 0px 18.1406px; font-family: SolaimanLipi, Vrinda, Helvetica, Verdana, sans-serif; line-height: 1.1; color: rgb(51, 51, 51); font-size: 14px;\"><span class=\"deal-title-new\" style=\"padding: 0px; margin: 0px;\">হাফ-স্লীভ টি-শার্ট ফর সামার</span>কিনুন বাংলাদেশের সেরা দামে</h3><div class=\"product-specification-container\" style=\"padding: 0px; margin: 0px 0px 18.1406px; color: rgb(51, 51, 51); font-family: SolaimanLipi, helvetica, verdana;\"><span class=\"product-specification-head\" style=\"padding: 0px; margin: 0px 0px 10px; width: 907.188px; float: left; background-color: rgb(233, 234, 235);\"><h2 style=\"padding: 0px; margin: 10px 0px; font-family: SolaimanLipi, Vrinda, Helvetica, Verdana, sans-serif; line-height: 1.1; font-size: 15px;\"><span class=\"deal-title-new\" style=\"padding: 0px; margin: 0px;\">হাফ-স্লীভ টি-শার্ট ফর সামার</span>- Product Specification</h2></span><div class=\"product-detail-header-wrapper\" style=\"padding: 8px; margin: 0px 0px 10px; width: 907.188px; float: left;\"><div class=\"header-text-new\" style=\"padding: 0px; margin: 0px; float: left; width: 445.594px; font-size: 15px; color: rgb(93, 90, 90); font-family: SolaimanLipi, Helvetica, Verdana;\"><span class=\"specication-header\" style=\"padding: 0px; margin: 0px; font-weight: 700; color: rgb(0, 0, 0);\">ব্র্যান্ড :</span><span id=\"BrandNameInProuductDetails\" style=\"padding: 0px; margin: 0px;\"></span></div><div class=\"header-code-text\" style=\"padding: 0px; margin: 0px; float: left; width: 445.594px; text-align: right; font-family: SolaimanLipi, Helvetica, Verdana; color: rgb(93, 90, 90);\"><span class=\"specication-header\" style=\"padding: 0px; margin: 0px; font-size: 15px; font-weight: 700; color: rgb(0, 0, 0);\">ডিল কোড:&nbsp;</span><span id=\"DealCodeInProuductDetails\" style=\"padding: 0px; margin: 0px;\">১৪০১৪০৯</span></div></div><div class=\"product-detail-header-wrapper\" style=\"padding: 8px; margin: 0px 0px 10px; width: 907.188px; float: left;\"><div class=\"header-text-new\" style=\"padding: 0px; margin: 0px; float: left; width: 445.594px; font-size: 15px; color: rgb(93, 90, 90); font-family: SolaimanLipi, Helvetica, Verdana;\"><span class=\"specication-header\" style=\"padding: 0px; margin: 0px; font-weight: 700; color: rgb(0, 0, 0);\">বৈশিষ্ট্যসমূহ :</span><span class=\"feautures-wrapper\" style=\"padding: 0px; margin: 0px;\"><div class=\"product-details-text\" style=\"padding: 0px; margin: 0px; width: 445.594px; float: left; font-size: 14px; line-height: 27px;\"><span style=\"padding: 0px; margin: 0px 10px 0px 0px;\"><img src=\"https://static.ajkerdeal.com/images/dealdetailsnew/dealdetails_arrow.svg\" style=\"padding: 0px; margin-right: 0px; margin-bottom: 0px; margin-left: 0px; border: 0px; margin-top: -5px !important;\"></span><span style=\"padding: 0px; margin: 0px 10px 0px 0px;\">প্রযোজ্য নয়</span></div></span></div><div class=\"header-code-text\" style=\"padding: 0px; margin: 0px; float: left; width: 445.594px; text-align: right; font-family: SolaimanLipi, Helvetica, Verdana; color: rgb(93, 90, 90);\"><span class=\"specication-header\" style=\"padding: 0px; margin: 0px; font-size: 15px; font-weight: 700; color: rgb(0, 0, 0);\">মডেল :</span><span id=\"ModelNo\" style=\"padding: 0px; margin: 0px;\"><div class=\"product-details-text\" style=\"padding: 0px; margin: 0px; width: 445.594px; float: left; line-height: 27px;\"><span style=\"padding: 0px; margin: 0px 10px 0px 0px;\"><img src=\"https://static.ajkerdeal.com/images/dealdetailsnew/dealdetails_arrow.svg\" style=\"padding: 0px; margin-right: 0px; margin-bottom: 0px; margin-left: 0px; border: 0px; margin-top: -5px !important;\"></span><span style=\"padding: 0px; margin: 0px 10px 0px 0px;\">প্রযোজ্য নয়</span></div></span></div></div><div class=\"product-specification-text-wrapper\" style=\"padding: 0px; margin: 9.0625px 0px 0px;\"></div><div class=\"product-detail-header-wrapper\" style=\"padding: 8px; margin: 0px 0px 10px; width: 907.188px; float: left;\"><div class=\"header-text-new\" style=\"padding: 0px; margin: 0px; float: left; width: 445.594px; font-size: 15px; color: rgb(93, 90, 90); font-family: SolaimanLipi, Helvetica, Verdana;\"><span class=\"specication-header\" style=\"padding: 0px; margin: 0px; font-weight: 700; color: rgb(0, 0, 0);\">প্যাকেটে যা থাকছে :</span></div></div><div class=\"packets-includes-product-wrapper\" style=\"padding: 0px; margin: 0px;\"><span class=\"packets-includes-product-text\" style=\"padding: 0px; margin: 0px 0px 0px 10px;\"><div class=\"product-details-text\" style=\"padding: 0px; margin: 0px; width: 907.188px; float: left; line-height: 27px; color: rgb(93, 90, 90);\"><span style=\"padding: 0px; margin: 0px 10px 0px 0px;\"><img src=\"https://static.ajkerdeal.com/images/dealdetailsnew/dealdetails_arrow.svg\" style=\"padding: 0px; margin-right: 0px; margin-bottom: 0px; margin-left: 0px; border: 0px; margin-top: -5px !important;\"></span><span style=\"padding: 0px; margin: 0px 10px 0px 0px;\">হাফ-স্লীভ টি-শার্ট ফর সামার</span></div></span></div></div>', 'upload/product-images/s1_half-sleeve-fashionable-tshirt-for-summer.webp', 0, 0, 0, 1, '2023-05-29 14:55:52', '2023-05-29 14:55:52'),
(4, 1, 1, 2, 1, 'Purple কটন হাফ-স্লীভ টি-শার্ট ফর মেন', 'a4', 'a4', 70, 500, 350, 'আজকেরডিল একটি মার্কেটপ্লেস। এখানে সব প্রোডাক্ট মার্চেন্ট / বিক্রেতা সরবরাহ করে এবং প্রোডাক্টের গুনগত মানের দায়দায়িত্ব তাদের। সেজন্য গ্রাহকদের মার্চেন্ট ও প্রোডাক্টের রেটিং এবং রিভিউ দেখে পণ্য কেনার পরামর্শ দেয়া হচ্ছে। মার্চেন্ট ও প্রোডাক্টের কোন প্রকার অভিযোগ থাকলে আজকেরডিলের সাথে তাৎক্ষনিকভাবে যোগাযোগ করুন।', '<div class=\"product-detail-header\" style=\"padding: 8px; margin: 0px 0px 10px; width: 907.188px; float: left; background-color: rgb(233, 234, 235); color: rgb(51, 51, 51); font-family: SolaimanLipi, helvetica, verdana;\"><div class=\"header-text-new\" style=\"padding: 0px; margin: 0px; float: left; width: 445.594px; font-size: 15px; color: rgb(93, 90, 90); font-family: SolaimanLipi, Helvetica, Verdana;\"><h2 style=\"padding: 0px; margin: 4px 0px 2px; font-family: SolaimanLipi, Vrinda, Helvetica, Verdana, sans-serif; line-height: 1.1; font-size: 15px;\">প্রোডাক্টের বিবরণ :&nbsp;<span class=\"deal-title-new\" style=\"padding: 0px; margin: 0px;\">Purple কটন হাফ-স্লীভ টি-শার্ট ফর মেন</span></h2></div><div class=\"header-code-text\" style=\"padding: 0px; margin: 0px; float: left; width: 445.594px; text-align: right; font-family: SolaimanLipi, Helvetica, Verdana; color: rgb(93, 90, 90);\"><span style=\"padding: 0px; margin: 0px;\">ডিল কোড:</span>&nbsp;<span id=\"DealCodeLabel\" style=\"padding: 0px; margin: 0px;\">১৪০১৪০৫</span></div></div><div class=\"product-details-text-wrapper\" style=\"padding: 0px; margin: 10px 0px 20px; width: 907.188px; float: left; color: rgb(51, 51, 51); font-family: SolaimanLipi, helvetica, verdana;\"><div class=\"product-details-text\" style=\"padding: 0px; margin: 0px; width: 907.188px; float: left; line-height: 27px; color: rgb(93, 90, 90);\"><span style=\"padding: 0px; margin: 0px 10px 0px 0px;\"><img src=\"https://static.ajkerdeal.com/images/dealdetailsnew/dealdetails_arrow.svg\" style=\"padding: 0px; margin-right: 0px; margin-bottom: 0px; margin-left: 0px; border: 0px; margin-top: -5px !important;\"></span><span style=\"padding: 0px; margin: 0px 10px 0px 0px;\">Brand: Mitho Park</span></div><div class=\"product-details-text\" style=\"padding: 0px; margin: 0px; width: 907.188px; float: left; line-height: 27px; color: rgb(93, 90, 90);\"><span style=\"padding: 0px; margin: 0px 10px 0px 0px;\"><img src=\"https://static.ajkerdeal.com/images/dealdetailsnew/dealdetails_arrow.svg\" style=\"padding: 0px; margin-right: 0px; margin-bottom: 0px; margin-left: 0px; border: 0px; margin-top: -5px !important;\"></span><span style=\"padding: 0px; margin: 0px 10px 0px 0px;\">&nbsp;Product Type: T-Shirt</span></div><div class=\"product-details-text\" style=\"padding: 0px; margin: 0px; width: 907.188px; float: left; line-height: 27px; color: rgb(93, 90, 90);\"><span style=\"padding: 0px; margin: 0px 10px 0px 0px;\"><img src=\"https://static.ajkerdeal.com/images/dealdetailsnew/dealdetails_arrow.svg\" style=\"padding: 0px; margin-right: 0px; margin-bottom: 0px; margin-left: 0px; border: 0px; margin-top: -5px !important;\"></span><span style=\"padding: 0px; margin: 0px 10px 0px 0px;\">&nbsp;Fabric: Single Jersey Export Quality Fabric</span></div><div class=\"product-details-text\" style=\"padding: 0px; margin: 0px; width: 907.188px; float: left; line-height: 27px; color: rgb(93, 90, 90);\"><span style=\"padding: 0px; margin: 0px 10px 0px 0px;\"><img src=\"https://static.ajkerdeal.com/images/dealdetailsnew/dealdetails_arrow.svg\" style=\"padding: 0px; margin-right: 0px; margin-bottom: 0px; margin-left: 0px; border: 0px; margin-top: -5px !important;\"></span><span style=\"padding: 0px; margin: 0px 10px 0px 0px;\">&nbsp;Material: 100% Cotton</span></div><div class=\"product-details-text\" style=\"padding: 0px; margin: 0px; width: 907.188px; float: left; line-height: 27px; color: rgb(93, 90, 90);\"><span style=\"padding: 0px; margin: 0px 10px 0px 0px;\"><img src=\"https://static.ajkerdeal.com/images/dealdetailsnew/dealdetails_arrow.svg\" style=\"padding: 0px; margin-right: 0px; margin-bottom: 0px; margin-left: 0px; border: 0px; margin-top: -5px !important;\"></span><span style=\"padding: 0px; margin: 0px 10px 0px 0px;\">&nbsp;Sleeve: Short sleeve.</span></div><div class=\"product-details-text\" style=\"padding: 0px; margin: 0px; width: 907.188px; float: left; line-height: 27px; color: rgb(93, 90, 90);\"><span style=\"padding: 0px; margin: 0px 10px 0px 0px;\"><img src=\"https://static.ajkerdeal.com/images/dealdetailsnew/dealdetails_arrow.svg\" style=\"padding: 0px; margin-right: 0px; margin-bottom: 0px; margin-left: 0px; border: 0px; margin-top: -5px !important;\"></span><span style=\"padding: 0px; margin: 0px 10px 0px 0px;\">&nbsp;Fit: Custom fit.</span></div><div class=\"product-details-text\" style=\"padding: 0px; margin: 0px; width: 907.188px; float: left; line-height: 27px; color: rgb(93, 90, 90);\"><span style=\"padding: 0px; margin: 0px 10px 0px 0px;\"><img src=\"https://static.ajkerdeal.com/images/dealdetailsnew/dealdetails_arrow.svg\" style=\"padding: 0px; margin-right: 0px; margin-bottom: 0px; margin-left: 0px; border: 0px; margin-top: -5px !important;\"></span><span style=\"padding: 0px; margin: 0px 10px 0px 0px;\">&nbsp;Neck &amp; collar type: Round neck</span></div><div class=\"product-details-text\" style=\"padding: 0px; margin: 0px; width: 907.188px; float: left; line-height: 27px; color: rgb(93, 90, 90);\"><span style=\"padding: 0px; margin: 0px 10px 0px 0px;\"><img src=\"https://static.ajkerdeal.com/images/dealdetailsnew/dealdetails_arrow.svg\" style=\"padding: 0px; margin-right: 0px; margin-bottom: 0px; margin-left: 0px; border: 0px; margin-top: -5px !important;\"></span><span style=\"padding: 0px; margin: 0px 10px 0px 0px;\">&nbsp;GSM Quality: 160 GSM</span></div><div class=\"product-details-text\" style=\"padding: 0px; margin: 0px; width: 907.188px; float: left; line-height: 27px; color: rgb(93, 90, 90);\"><span style=\"padding: 0px; margin: 0px 10px 0px 0px;\"><img src=\"https://static.ajkerdeal.com/images/dealdetailsnew/dealdetails_arrow.svg\" style=\"padding: 0px; margin-right: 0px; margin-bottom: 0px; margin-left: 0px; border: 0px; margin-top: -5px !important;\"></span><span style=\"padding: 0px; margin: 0px 10px 0px 0px;\">&nbsp;Colour: Same as picture Gender: Men</span></div><div class=\"product-details-text\" style=\"padding: 0px; margin: 0px; width: 907.188px; float: left; line-height: 27px; color: rgb(93, 90, 90);\"><span style=\"padding: 0px; margin: 0px 10px 0px 0px;\"><img src=\"https://static.ajkerdeal.com/images/dealdetailsnew/dealdetails_arrow.svg\" style=\"padding: 0px; margin-right: 0px; margin-bottom: 0px; margin-left: 0px; border: 0px; margin-top: -5px !important;\"></span><span style=\"padding: 0px; margin: 0px 10px 0px 0px;\">&nbsp;Comfortable casual wear. Micro Fabrics as well as the high-quality fabric</span></div></div><h3 style=\"padding: 0px; margin: 20px 0px 18.1406px; font-family: SolaimanLipi, Vrinda, Helvetica, Verdana, sans-serif; line-height: 1.1; color: rgb(51, 51, 51); font-size: 14px;\"><span class=\"deal-title-new\" style=\"padding: 0px; margin: 0px;\">Purple কটন হাফ-স্লীভ টি-শার্ট ফর মেন</span>কিনুন বাংলাদেশের সেরা দামে</h3><div class=\"product-specification-container\" style=\"padding: 0px; margin: 0px 0px 18.1406px; color: rgb(51, 51, 51); font-family: SolaimanLipi, helvetica, verdana;\"><span class=\"product-specification-head\" style=\"padding: 0px; margin: 0px 0px 10px; width: 907.188px; float: left; background-color: rgb(233, 234, 235);\"><h2 style=\"padding: 0px; margin: 10px 0px; font-family: SolaimanLipi, Vrinda, Helvetica, Verdana, sans-serif; line-height: 1.1; font-size: 15px;\"><span class=\"deal-title-new\" style=\"padding: 0px; margin: 0px;\">Purple কটন হাফ-স্লীভ টি-শার্ট ফর মেন</span>- Product Specification</h2></span><div class=\"product-detail-header-wrapper\" style=\"padding: 8px; margin: 0px 0px 10px; width: 907.188px; float: left;\"><div class=\"header-text-new\" style=\"padding: 0px; margin: 0px; float: left; width: 445.594px; font-size: 15px; color: rgb(93, 90, 90); font-family: SolaimanLipi, Helvetica, Verdana;\"><span class=\"specication-header\" style=\"padding: 0px; margin: 0px; font-weight: 700; color: rgb(0, 0, 0);\">ব্র্যান্ড :</span><span id=\"BrandNameInProuductDetails\" style=\"padding: 0px; margin: 0px;\"></span></div><div class=\"header-code-text\" style=\"padding: 0px; margin: 0px; float: left; width: 445.594px; text-align: right; font-family: SolaimanLipi, Helvetica, Verdana; color: rgb(93, 90, 90);\"><span class=\"specication-header\" style=\"padding: 0px; margin: 0px; font-size: 15px; font-weight: 700; color: rgb(0, 0, 0);\">ডিল কোড:&nbsp;</span><span id=\"DealCodeInProuductDetails\" style=\"padding: 0px; margin: 0px;\">১৪০১৪০৫</span></div></div><div class=\"product-detail-header-wrapper\" style=\"padding: 8px; margin: 0px 0px 10px; width: 907.188px; float: left;\"><div class=\"header-text-new\" style=\"padding: 0px; margin: 0px; float: left; width: 445.594px; font-size: 15px; color: rgb(93, 90, 90); font-family: SolaimanLipi, Helvetica, Verdana;\"><span class=\"specication-header\" style=\"padding: 0px; margin: 0px; font-weight: 700; color: rgb(0, 0, 0);\">বৈশিষ্ট্যসমূহ :</span><span class=\"feautures-wrapper\" style=\"padding: 0px; margin: 0px;\"><div class=\"product-details-text\" style=\"padding: 0px; margin: 0px; width: 445.594px; float: left; font-size: 14px; line-height: 27px;\"><span style=\"padding: 0px; margin: 0px 10px 0px 0px;\"><img src=\"https://static.ajkerdeal.com/images/dealdetailsnew/dealdetails_arrow.svg\" style=\"padding: 0px; margin-right: 0px; margin-bottom: 0px; margin-left: 0px; border: 0px; margin-top: -5px !important;\"></span><span style=\"padding: 0px; margin: 0px 10px 0px 0px;\">প্রযোজ্য নয়</span></div></span></div><div class=\"header-code-text\" style=\"padding: 0px; margin: 0px; float: left; width: 445.594px; text-align: right; font-family: SolaimanLipi, Helvetica, Verdana; color: rgb(93, 90, 90);\"><span class=\"specication-header\" style=\"padding: 0px; margin: 0px; font-size: 15px; font-weight: 700; color: rgb(0, 0, 0);\">মডেল :</span><span id=\"ModelNo\" style=\"padding: 0px; margin: 0px;\"><div class=\"product-details-text\" style=\"padding: 0px; margin: 0px; width: 445.594px; float: left; line-height: 27px;\"><span style=\"padding: 0px; margin: 0px 10px 0px 0px;\"><img src=\"https://static.ajkerdeal.com/images/dealdetailsnew/dealdetails_arrow.svg\" style=\"padding: 0px; margin-right: 0px; margin-bottom: 0px; margin-left: 0px; border: 0px; margin-top: -5px !important;\"></span><span style=\"padding: 0px; margin: 0px 10px 0px 0px;\">প্রযোজ্য নয়</span></div></span></div></div><div class=\"product-specification-text-wrapper\" style=\"padding: 0px; margin: 9.0625px 0px 0px;\"></div><div class=\"product-detail-header-wrapper\" style=\"padding: 8px; margin: 0px 0px 10px; width: 907.188px; float: left;\"><div class=\"header-text-new\" style=\"padding: 0px; margin: 0px; float: left; width: 445.594px; font-size: 15px; color: rgb(93, 90, 90); font-family: SolaimanLipi, Helvetica, Verdana;\"><span class=\"specication-header\" style=\"padding: 0px; margin: 0px; font-weight: 700; color: rgb(0, 0, 0);\">প্যাকেটে যা থাকছে :</span></div></div><div class=\"packets-includes-product-wrapper\" style=\"padding: 0px; margin: 0px;\"><span class=\"packets-includes-product-text\" style=\"padding: 0px; margin: 0px 0px 0px 10px;\"><div class=\"product-details-text\" style=\"padding: 0px; margin: 0px; width: 907.188px; float: left; line-height: 27px; color: rgb(93, 90, 90);\"><span style=\"padding: 0px; margin: 0px 10px 0px 0px;\"><img src=\"https://static.ajkerdeal.com/images/dealdetailsnew/dealdetails_arrow.svg\" style=\"padding: 0px; margin-right: 0px; margin-bottom: 0px; margin-left: 0px; border: 0px; margin-top: -5px !important;\"></span><span style=\"padding: 0px; margin: 0px 10px 0px 0px;\">Purple কটন হাফ-স্লীভ টি-শার্ট ফর মেন</span></div></span></div></div>', 'upload/product-images/s1_for-mans-t-shirt-for-man-t-shirt-for-man-t-shirt-for-man.webp', 0, 0, 0, 1, '2023-05-29 14:57:16', '2023-05-29 14:57:16');
INSERT INTO `products` (`id`, `category_id`, `sub_category_id`, `brand_id`, `unit_id`, `name`, `code`, `model`, `stock_amount`, `regular_price`, `selling_price`, `short_description`, `long_description`, `image`, `hit_count`, `sales_count`, `featured_status`, `status`, `created_at`, `updated_at`) VALUES
(5, 2, 3, 2, 1, 'রেডিমেড জর্জেট এমব্রয়ডারি থ্রি-পিস', 'a6', 'a6', 20, 2000, 1600, 'আজকেরডিল একটি মার্কেটপ্লেস। এখানে সব প্রোডাক্ট মার্চেন্ট / বিক্রেতা সরবরাহ করে এবং প্রোডাক্টের গুনগত মানের দায়দায়িত্ব তাদের। সেজন্য গ্রাহকদের মার্চেন্ট ও প্রোডাক্টের রেটিং এবং রিভিউ দেখে পণ্য কেনার পরামর্শ দেয়া হচ্ছে। মার্চেন্ট ও প্রোডাক্টের কোন প্রকার অভিযোগ থাকলে আজকেরডিলের সাথে তাৎক্ষনিকভাবে যোগাযোগ করুন।', '<div class=\"product-details-container\" style=\"padding: 0px; margin: 0px; width: 907.188px; float: left;\"><div class=\"product-detail-header\" style=\"padding: 8px; margin: 0px 0px 10px; width: 907.188px; float: left; background-color: rgb(233, 234, 235);\"><div class=\"header-text-new\" style=\"padding: 0px; margin: 0px; float: left; width: 445.594px; font-size: 15px; color: rgb(93, 90, 90); font-family: SolaimanLipi, Helvetica, Verdana;\"><h2 style=\"padding: 0px; margin: 4px 0px 2px; font-family: SolaimanLipi, Vrinda, Helvetica, Verdana, sans-serif; line-height: 1.1; font-size: 15px;\">প্রোডাক্টের বিবরণ :&nbsp;<span class=\"deal-title-new\" style=\"padding: 0px; margin: 0px;\">রেডিমেড জর্জেট এমব্রয়ডারি থ্রি-পিস</span></h2></div><div class=\"header-code-text\" style=\"padding: 0px; margin: 0px; float: left; width: 445.594px; text-align: right; font-family: SolaimanLipi, Helvetica, Verdana; color: rgb(93, 90, 90);\"><span style=\"padding: 0px; margin: 0px;\">ডিল কোড:</span>&nbsp;<span id=\"DealCodeLabel\" style=\"padding: 0px; margin: 0px;\">১৪০২৭২২</span></div></div><div class=\"product-details-text-wrapper\" style=\"padding: 0px; margin: 10px 0px 20px; width: 907.188px; float: left;\"><div class=\"product-details-text\" style=\"padding: 0px; margin: 0px; width: 907.188px; float: left; line-height: 27px; color: rgb(93, 90, 90);\"><span style=\"padding: 0px; margin: 0px 10px 0px 0px;\"><img src=\"https://static.ajkerdeal.com/images/dealdetailsnew/dealdetails_arrow.svg\" style=\"padding: 0px; margin-right: 0px; margin-bottom: 0px; margin-left: 0px; border: 0px; margin-top: -5px !important;\"></span><span style=\"padding: 0px; margin: 0px 10px 0px 0px;\">রেডিমেড এমব্রয়ডারি থ্রি-পিস</span></div><div class=\"product-details-text\" style=\"padding: 0px; margin: 0px; width: 907.188px; float: left; line-height: 27px; color: rgb(93, 90, 90);\"><span style=\"padding: 0px; margin: 0px 10px 0px 0px;\"><img src=\"https://static.ajkerdeal.com/images/dealdetailsnew/dealdetails_arrow.svg\" style=\"padding: 0px; margin-right: 0px; margin-bottom: 0px; margin-left: 0px; border: 0px; margin-top: -5px !important;\"></span><span style=\"padding: 0px; margin: 0px 10px 0px 0px;\">জামা- অ্যালেক্স জর্জেট</span></div><div class=\"product-details-text\" style=\"padding: 0px; margin: 0px; width: 907.188px; float: left; line-height: 27px; color: rgb(93, 90, 90);\"><span style=\"padding: 0px; margin: 0px 10px 0px 0px;\"><img src=\"https://static.ajkerdeal.com/images/dealdetailsnew/dealdetails_arrow.svg\" style=\"padding: 0px; margin-right: 0px; margin-bottom: 0px; margin-left: 0px; border: 0px; margin-top: -5px !important;\"></span><span style=\"padding: 0px; margin: 0px 10px 0px 0px;\">বডি লং: ৩৮</span></div><div class=\"product-details-text\" style=\"padding: 0px; margin: 0px; width: 907.188px; float: left; line-height: 27px; color: rgb(93, 90, 90);\"><span style=\"padding: 0px; margin: 0px 10px 0px 0px;\"><img src=\"https://static.ajkerdeal.com/images/dealdetailsnew/dealdetails_arrow.svg\" style=\"padding: 0px; margin-right: 0px; margin-bottom: 0px; margin-left: 0px; border: 0px; margin-top: -5px !important;\"></span><span style=\"padding: 0px; margin: 0px 10px 0px 0px;\">সালোয়ার- সিল্ক</span></div><div class=\"product-details-text\" style=\"padding: 0px; margin: 0px; width: 907.188px; float: left; line-height: 27px; color: rgb(93, 90, 90);\"><span style=\"padding: 0px; margin: 0px 10px 0px 0px;\"><img src=\"https://static.ajkerdeal.com/images/dealdetailsnew/dealdetails_arrow.svg\" style=\"padding: 0px; margin-right: 0px; margin-bottom: 0px; margin-left: 0px; border: 0px; margin-top: -5px !important;\"></span><span style=\"padding: 0px; margin: 0px 10px 0px 0px;\">ওড়না- অ্যালেক্স জর্জেট</span></div><div class=\"product-details-text\" style=\"padding: 0px; margin: 0px; width: 907.188px; float: left; line-height: 27px; color: rgb(93, 90, 90);\"><span style=\"padding: 0px; margin: 0px 10px 0px 0px;\"><img src=\"https://static.ajkerdeal.com/images/dealdetailsnew/dealdetails_arrow.svg\" style=\"padding: 0px; margin-right: 0px; margin-bottom: 0px; margin-left: 0px; border: 0px; margin-top: -5px !important;\"></span><span style=\"padding: 0px; margin: 0px 10px 0px 0px;\">সাইজ- ৩৮,৪০,৪২,৪৪</span></div></div><h3 style=\"padding: 0px; margin: 20px 0px 18.1406px; font-family: SolaimanLipi, Vrinda, Helvetica, Verdana, sans-serif; line-height: 1.1; font-size: 14px;\"><span class=\"deal-title-new\" style=\"padding: 0px; margin: 0px;\">রেডিমেড জর্জেট এমব্রয়ডারি থ্রি-পিস</span>কিনুন বাংলাদেশের সেরা দামে</h3><div class=\"product-specification-container\" style=\"padding: 0px; margin: 0px 0px 18.1406px;\"><span class=\"product-specification-head\" style=\"padding: 0px; margin: 0px 0px 10px; width: 907.188px; float: left; background-color: rgb(233, 234, 235);\"><h2 style=\"padding: 0px; margin: 10px 0px; font-family: SolaimanLipi, Vrinda, Helvetica, Verdana, sans-serif; line-height: 1.1; font-size: 15px;\"><span class=\"deal-title-new\" style=\"padding: 0px; margin: 0px;\">রেডিমেড জর্জেট এমব্রয়ডারি থ্রি-পিস</span>- Product Specification</h2></span><div class=\"product-detail-header-wrapper\" style=\"padding: 8px; margin: 0px 0px 10px; width: 907.188px; float: left;\"><div class=\"header-text-new\" style=\"padding: 0px; margin: 0px; float: left; width: 445.594px; font-size: 15px; color: rgb(93, 90, 90); font-family: SolaimanLipi, Helvetica, Verdana;\"><span class=\"specication-header\" style=\"padding: 0px; margin: 0px; font-weight: 700; color: rgb(0, 0, 0);\">ব্র্যান্ড :</span><span id=\"BrandNameInProuductDetails\" style=\"padding: 0px; margin: 0px;\"></span></div><div class=\"header-code-text\" style=\"padding: 0px; margin: 0px; float: left; width: 445.594px; text-align: right; font-family: SolaimanLipi, Helvetica, Verdana; color: rgb(93, 90, 90);\"><span class=\"specication-header\" style=\"padding: 0px; margin: 0px; font-size: 15px; font-weight: 700; color: rgb(0, 0, 0);\">ডিল কোড:&nbsp;</span><span id=\"DealCodeInProuductDetails\" style=\"padding: 0px; margin: 0px;\">১৪০২৭২২</span></div></div><div class=\"product-detail-header-wrapper\" style=\"padding: 8px; margin: 0px 0px 10px; width: 907.188px; float: left;\"><div class=\"header-text-new\" style=\"padding: 0px; margin: 0px; float: left; width: 445.594px; font-size: 15px; color: rgb(93, 90, 90); font-family: SolaimanLipi, Helvetica, Verdana;\"><span class=\"specication-header\" style=\"padding: 0px; margin: 0px; font-weight: 700; color: rgb(0, 0, 0);\">বৈশিষ্ট্যসমূহ :</span><span class=\"feautures-wrapper\" style=\"padding: 0px; margin: 0px;\"><div class=\"product-details-text\" style=\"padding: 0px; margin: 0px; width: 445.594px; float: left; font-size: 14px; line-height: 27px;\"><span style=\"padding: 0px; margin: 0px 10px 0px 0px;\"><img src=\"https://static.ajkerdeal.com/images/dealdetailsnew/dealdetails_arrow.svg\" style=\"padding: 0px; margin-right: 0px; margin-bottom: 0px; margin-left: 0px; border: 0px; margin-top: -5px !important;\"></span><span style=\"padding: 0px; margin: 0px 10px 0px 0px;\">প্রযোজ্য নয়</span></div></span></div><div class=\"header-code-text\" style=\"padding: 0px; margin: 0px; float: left; width: 445.594px; text-align: right; font-family: SolaimanLipi, Helvetica, Verdana; color: rgb(93, 90, 90);\"><span class=\"specication-header\" style=\"padding: 0px; margin: 0px; font-size: 15px; font-weight: 700; color: rgb(0, 0, 0);\">মডেল :</span><span id=\"ModelNo\" style=\"padding: 0px; margin: 0px;\"><div class=\"product-details-text\" style=\"padding: 0px; margin: 0px; width: 445.594px; float: left; line-height: 27px;\"><span style=\"padding: 0px; margin: 0px 10px 0px 0px;\"><img src=\"https://static.ajkerdeal.com/images/dealdetailsnew/dealdetails_arrow.svg\" style=\"padding: 0px; margin-right: 0px; margin-bottom: 0px; margin-left: 0px; border: 0px; margin-top: -5px !important;\"></span><span style=\"padding: 0px; margin: 0px 10px 0px 0px;\">প্রযোজ্য নয়</span></div></span></div></div><div class=\"product-specification-text-wrapper\" style=\"padding: 0px; margin: 9.0625px 0px 0px;\"></div><div class=\"product-detail-header-wrapper\" style=\"padding: 8px; margin: 0px 0px 10px; width: 907.188px; float: left;\"><div class=\"header-text-new\" style=\"padding: 0px; margin: 0px; float: left; width: 445.594px; font-size: 15px; color: rgb(93, 90, 90); font-family: SolaimanLipi, Helvetica, Verdana;\"><span class=\"specication-header\" style=\"padding: 0px; margin: 0px; font-weight: 700; color: rgb(0, 0, 0);\">প্যাকেটে যা থাকছে :</span></div></div><div class=\"packets-includes-product-wrapper\" style=\"padding: 0px; margin: 0px;\"><span class=\"packets-includes-product-text\" style=\"padding: 0px; margin: 0px 0px 0px 10px;\"><div class=\"product-details-text\" style=\"padding: 0px; margin: 0px; width: 907.188px; float: left; line-height: 27px; color: rgb(93, 90, 90);\"><span style=\"padding: 0px; margin: 0px 10px 0px 0px;\"><img src=\"https://static.ajkerdeal.com/images/dealdetailsnew/dealdetails_arrow.svg\" style=\"padding: 0px; margin-right: 0px; margin-bottom: 0px; margin-left: 0px; border: 0px; margin-top: -5px !important;\"></span><span style=\"padding: 0px; margin: 0px 10px 0px 0px;\">রেডিমেড জর্জেট এমব্রয়ডারি থ্রি-পিস</span></div></span></div></div></div><div class=\"cash-back-Condition-wrapper\" style=\"padding: 0px; margin: 0px; width: 907.188px; float: left;\"><div class=\"cash-back-header\" style=\"padding: 10px; margin: 0px; width: 907.188px; float: left; background-color: rgb(233, 234, 235); color: rgb(51, 51, 51); font-family: SolaimanLipi, helvetica, verdana;\"><div class=\"cash-back-header-text-new\" style=\"padding: 0px; margin: 0px;\"></div></div></div>', 'upload/product-images/s1_georgette-embroidery-shalwer-kameez-3pcs.webp', 0, 0, 0, 1, '2023-05-29 14:58:31', '2023-05-29 14:58:31'),
(7, 2, 3, 1, 1, 'রেডিমেড জর্জেট এমব্রয়ডারি থ্রি-পিস ১০০% অরিজিনাল', 'a7', 'a7', 10, 4000, 3000, 'আজকেরডিল একটি মার্কেটপ্লেস। এখানে সব প্রোডাক্ট মার্চেন্ট / বিক্রেতা সরবরাহ করে এবং প্রোডাক্টের গুনগত মানের দায়দায়িত্ব তাদের। সেজন্য গ্রাহকদের মার্চেন্ট ও প্রোডাক্টের রেটিং এবং রিভিউ দেখে পণ্য কেনার পরামর্শ দেয়া হচ্ছে। মার্চেন্ট ও প্রোডাক্টের কোন প্রকার অভিযোগ থাকলে আজকেরডি', '<div class=\"product-details-container\" style=\"padding: 0px; margin: 0px; width: 907.188px; float: left;\"><div class=\"product-detail-header\" style=\"padding: 8px; margin: 0px 0px 10px; width: 907.188px; float: left; background-color: rgb(233, 234, 235);\"><div class=\"header-text-new\" style=\"padding: 0px; margin: 0px; float: left; width: 445.594px; font-size: 15px; color: rgb(93, 90, 90); font-family: SolaimanLipi, Helvetica, Verdana;\"><h2 style=\"padding: 0px; margin: 4px 0px 2px; font-family: SolaimanLipi, Vrinda, Helvetica, Verdana, sans-serif; line-height: 1.1; font-size: 15px;\">প্রোডাক্টের বিবরণ :&nbsp;<span class=\"deal-title-new\" style=\"padding: 0px; margin: 0px;\">রেডিমেড জর্জেট এমব্রয়ডারি থ্রি-পিস</span></h2></div><div class=\"header-code-text\" style=\"padding: 0px; margin: 0px; float: left; width: 445.594px; text-align: right; font-family: SolaimanLipi, Helvetica, Verdana; color: rgb(93, 90, 90);\"><span style=\"padding: 0px; margin: 0px;\">ডিল কোড:</span>&nbsp;<span id=\"DealCodeLabel\" style=\"padding: 0px; margin: 0px;\">১৪০২৭২১</span></div></div><div class=\"product-details-text-wrapper\" style=\"padding: 0px; margin: 10px 0px 20px; width: 907.188px; float: left;\"><div class=\"product-details-text\" style=\"padding: 0px; margin: 0px; width: 907.188px; float: left; line-height: 27px; color: rgb(93, 90, 90);\"><span style=\"padding: 0px; margin: 0px 10px 0px 0px;\"><img src=\"https://static.ajkerdeal.com/images/dealdetailsnew/dealdetails_arrow.svg\" style=\"padding: 0px; margin-right: 0px; margin-bottom: 0px; margin-left: 0px; border: 0px; margin-top: -5px !important;\"></span><span style=\"padding: 0px; margin: 0px 10px 0px 0px;\">রেডিমেড এমব্রয়ডারি থ্রি-পিস</span></div><div class=\"product-details-text\" style=\"padding: 0px; margin: 0px; width: 907.188px; float: left; line-height: 27px; color: rgb(93, 90, 90);\"><span style=\"padding: 0px; margin: 0px 10px 0px 0px;\"><img src=\"https://static.ajkerdeal.com/images/dealdetailsnew/dealdetails_arrow.svg\" style=\"padding: 0px; margin-right: 0px; margin-bottom: 0px; margin-left: 0px; border: 0px; margin-top: -5px !important;\"></span><span style=\"padding: 0px; margin: 0px 10px 0px 0px;\">জামা- অ্যালেক্স জর্জেট</span></div><div class=\"product-details-text\" style=\"padding: 0px; margin: 0px; width: 907.188px; float: left; line-height: 27px; color: rgb(93, 90, 90);\"><span style=\"padding: 0px; margin: 0px 10px 0px 0px;\"><img src=\"https://static.ajkerdeal.com/images/dealdetailsnew/dealdetails_arrow.svg\" style=\"padding: 0px; margin-right: 0px; margin-bottom: 0px; margin-left: 0px; border: 0px; margin-top: -5px !important;\"></span><span style=\"padding: 0px; margin: 0px 10px 0px 0px;\">বডি লং: ৩৮</span></div><div class=\"product-details-text\" style=\"padding: 0px; margin: 0px; width: 907.188px; float: left; line-height: 27px; color: rgb(93, 90, 90);\"><span style=\"padding: 0px; margin: 0px 10px 0px 0px;\"><img src=\"https://static.ajkerdeal.com/images/dealdetailsnew/dealdetails_arrow.svg\" style=\"padding: 0px; margin-right: 0px; margin-bottom: 0px; margin-left: 0px; border: 0px; margin-top: -5px !important;\"></span><span style=\"padding: 0px; margin: 0px 10px 0px 0px;\">সালোয়ার- সিল্ক</span></div><div class=\"product-details-text\" style=\"padding: 0px; margin: 0px; width: 907.188px; float: left; line-height: 27px; color: rgb(93, 90, 90);\"><span style=\"padding: 0px; margin: 0px 10px 0px 0px;\"><img src=\"https://static.ajkerdeal.com/images/dealdetailsnew/dealdetails_arrow.svg\" style=\"padding: 0px; margin-right: 0px; margin-bottom: 0px; margin-left: 0px; border: 0px; margin-top: -5px !important;\"></span><span style=\"padding: 0px; margin: 0px 10px 0px 0px;\">ওড়না- অ্যালেক্স জর্জেট</span></div><div class=\"product-details-text\" style=\"padding: 0px; margin: 0px; width: 907.188px; float: left; line-height: 27px; color: rgb(93, 90, 90);\"><span style=\"padding: 0px; margin: 0px 10px 0px 0px;\"><img src=\"https://static.ajkerdeal.com/images/dealdetailsnew/dealdetails_arrow.svg\" style=\"padding: 0px; margin-right: 0px; margin-bottom: 0px; margin-left: 0px; border: 0px; margin-top: -5px !important;\"></span><span style=\"padding: 0px; margin: 0px 10px 0px 0px;\">সাইজ- ৩৮,৪০,৪২,৪৪</span></div></div><h3 style=\"padding: 0px; margin: 20px 0px 18.1406px; font-family: SolaimanLipi, Vrinda, Helvetica, Verdana, sans-serif; line-height: 1.1; font-size: 14px;\"><span class=\"deal-title-new\" style=\"padding: 0px; margin: 0px;\">রেডিমেড জর্জেট এমব্রয়ডারি থ্রি-পিস</span>কিনুন বাংলাদেশের সেরা দামে</h3><div class=\"product-specification-container\" style=\"padding: 0px; margin: 0px 0px 18.1406px;\"><span class=\"product-specification-head\" style=\"padding: 0px; margin: 0px 0px 10px; width: 907.188px; float: left; background-color: rgb(233, 234, 235);\"><h2 style=\"padding: 0px; margin: 10px 0px; font-family: SolaimanLipi, Vrinda, Helvetica, Verdana, sans-serif; line-height: 1.1; font-size: 15px;\"><span class=\"deal-title-new\" style=\"padding: 0px; margin: 0px;\">রেডিমেড জর্জেট এমব্রয়ডারি থ্রি-পিস</span>- Product Specification</h2></span><div class=\"product-detail-header-wrapper\" style=\"padding: 8px; margin: 0px 0px 10px; width: 907.188px; float: left;\"><div class=\"header-text-new\" style=\"padding: 0px; margin: 0px; float: left; width: 445.594px; font-size: 15px; color: rgb(93, 90, 90); font-family: SolaimanLipi, Helvetica, Verdana;\"><span class=\"specication-header\" style=\"padding: 0px; margin: 0px; font-weight: 700; color: rgb(0, 0, 0);\">ব্র্যান্ড :</span><span id=\"BrandNameInProuductDetails\" style=\"padding: 0px; margin: 0px;\"></span></div><div class=\"header-code-text\" style=\"padding: 0px; margin: 0px; float: left; width: 445.594px; text-align: right; font-family: SolaimanLipi, Helvetica, Verdana; color: rgb(93, 90, 90);\"><span class=\"specication-header\" style=\"padding: 0px; margin: 0px; font-size: 15px; font-weight: 700; color: rgb(0, 0, 0);\">ডিল কোড:&nbsp;</span><span id=\"DealCodeInProuductDetails\" style=\"padding: 0px; margin: 0px;\">১৪০২৭২১</span></div></div><div class=\"product-detail-header-wrapper\" style=\"padding: 8px; margin: 0px 0px 10px; width: 907.188px; float: left;\"><div class=\"header-text-new\" style=\"padding: 0px; margin: 0px; float: left; width: 445.594px; font-size: 15px; color: rgb(93, 90, 90); font-family: SolaimanLipi, Helvetica, Verdana;\"><span class=\"specication-header\" style=\"padding: 0px; margin: 0px; font-weight: 700; color: rgb(0, 0, 0);\">বৈশিষ্ট্যসমূহ :</span><span class=\"feautures-wrapper\" style=\"padding: 0px; margin: 0px;\"><div class=\"product-details-text\" style=\"padding: 0px; margin: 0px; width: 445.594px; float: left; font-size: 14px; line-height: 27px;\"><span style=\"padding: 0px; margin: 0px 10px 0px 0px;\"><img src=\"https://static.ajkerdeal.com/images/dealdetailsnew/dealdetails_arrow.svg\" style=\"padding: 0px; margin-right: 0px; margin-bottom: 0px; margin-left: 0px; border: 0px; margin-top: -5px !important;\"></span><span style=\"padding: 0px; margin: 0px 10px 0px 0px;\">প্রযোজ্য নয়</span></div></span></div><div class=\"header-code-text\" style=\"padding: 0px; margin: 0px; float: left; width: 445.594px; text-align: right; font-family: SolaimanLipi, Helvetica, Verdana; color: rgb(93, 90, 90);\"><span class=\"specication-header\" style=\"padding: 0px; margin: 0px; font-size: 15px; font-weight: 700; color: rgb(0, 0, 0);\">মডেল :</span><span id=\"ModelNo\" style=\"padding: 0px; margin: 0px;\"><div class=\"product-details-text\" style=\"padding: 0px; margin: 0px; width: 445.594px; float: left; line-height: 27px;\"><span style=\"padding: 0px; margin: 0px 10px 0px 0px;\"><img src=\"https://static.ajkerdeal.com/images/dealdetailsnew/dealdetails_arrow.svg\" style=\"padding: 0px; margin-right: 0px; margin-bottom: 0px; margin-left: 0px; border: 0px; margin-top: -5px !important;\"></span><span style=\"padding: 0px; margin: 0px 10px 0px 0px;\">প্রযোজ্য নয়</span></div></span></div></div><div class=\"product-specification-text-wrapper\" style=\"padding: 0px; margin: 9.0625px 0px 0px;\"></div><div class=\"product-detail-header-wrapper\" style=\"padding: 8px; margin: 0px 0px 10px; width: 907.188px; float: left;\"><div class=\"header-text-new\" style=\"padding: 0px; margin: 0px; float: left; width: 445.594px; font-size: 15px; color: rgb(93, 90, 90); font-family: SolaimanLipi, Helvetica, Verdana;\"><span class=\"specication-header\" style=\"padding: 0px; margin: 0px; font-weight: 700; color: rgb(0, 0, 0);\">প্যাকেটে যা থাকছে :</span></div></div><div class=\"packets-includes-product-wrapper\" style=\"padding: 0px; margin: 0px;\"><span class=\"packets-includes-product-text\" style=\"padding: 0px; margin: 0px 0px 0px 10px;\"><div class=\"product-details-text\" style=\"padding: 0px; margin: 0px; width: 907.188px; float: left; line-height: 27px; color: rgb(93, 90, 90);\"><span style=\"padding: 0px; margin: 0px 10px 0px 0px;\"><img src=\"https://static.ajkerdeal.com/images/dealdetailsnew/dealdetails_arrow.svg\" style=\"padding: 0px; margin-right: 0px; margin-bottom: 0px; margin-left: 0px; border: 0px; margin-top: -5px !important;\"></span><span style=\"padding: 0px; margin: 0px 10px 0px 0px;\">রেডিমেড জর্জেট এমব্রয়ডারি থ্রি-পিস</span></div></span></div></div></div><div class=\"cash-back-Condition-wrapper\" style=\"padding: 0px; margin: 0px; width: 907.188px; float: left;\"><div class=\"cash-back-header\" style=\"padding: 10px; margin: 0px; width: 907.188px; float: left; background-color: rgb(233, 234, 235); color: rgb(51, 51, 51); font-family: SolaimanLipi, helvetica, verdana;\"><div class=\"cash-back-header-text-new\" style=\"padding: 0px; margin: 0px;\"></div></div></div>', 'upload/product-images/1_georgette-embroidery-shalwer-kameez-for-women.webp', 0, 0, 0, 1, '2023-05-29 15:00:33', '2023-05-29 15:00:33'),
(8, 3, 4, 2, 1, 'Walton', 'b1', 'b1', 10, 50000, 45000, 'আজকেরডিল একটি মার্কেটপ্লেস। এখানে সব প্রোডাক্ট মার্চেন্ট / বিক্রেতা সরবরাহ করে এবং প্রোডাক্টের গুনগত মানের দায়দায়িত্ব তাদের। সেজন্য গ্রাহকদের মার্চেন্ট ও প্রোডাক্টের রেটিং এবং রিভিউ দেখে পণ্য কেনার পরামর্শ দেয়া হচ্ছে। মার্চেন্ট ও প্রোডাক্টের কোন প্রকার অভিযোগ থাকলে আজকেরডিলের সাথে তাৎক্ষনিকভাবে যোগাযোগ করুন।', '<div class=\"product-detail-header\" style=\"padding: 8px; margin: 0px 0px 10px; width: 907.188px; float: left; background-color: rgb(233, 234, 235); color: rgb(51, 51, 51); font-family: SolaimanLipi, helvetica, verdana;\"><div class=\"header-text-new\" style=\"padding: 0px; margin: 0px; float: left; width: 445.594px; font-size: 15px; color: rgb(93, 90, 90); font-family: SolaimanLipi, Helvetica, Verdana;\"><h2 style=\"padding: 0px; margin: 4px 0px 2px; font-family: SolaimanLipi, Vrinda, Helvetica, Verdana, sans-serif; line-height: 1.1; font-size: 15px;\">প্রোডাক্টের বিবরণ :&nbsp;<span class=\"deal-title-new\" style=\"padding: 0px; margin: 0px;\">সলিড কালার জার্সি হাফ-স্লীভ টি-শার্ট ফর মেন</span></h2></div><div class=\"header-code-text\" style=\"padding: 0px; margin: 0px; float: left; width: 445.594px; text-align: right; font-family: SolaimanLipi, Helvetica, Verdana; color: rgb(93, 90, 90);\"><span style=\"padding: 0px; margin: 0px;\">ডিল কোড:</span>&nbsp;<span id=\"DealCodeLabel\" style=\"padding: 0px; margin: 0px;\">১৪০১৪১৫</span></div></div><div class=\"product-details-text-wrapper\" style=\"padding: 0px; margin: 10px 0px 20px; width: 907.188px; float: left; color: rgb(51, 51, 51); font-family: SolaimanLipi, helvetica, verdana;\"><div class=\"product-details-text\" style=\"padding: 0px; margin: 0px; width: 907.188px; float: left; line-height: 27px; color: rgb(93, 90, 90);\"><span style=\"padding: 0px; margin: 0px 10px 0px 0px;\"><img src=\"https://static.ajkerdeal.com/images/dealdetailsnew/dealdetails_arrow.svg\" style=\"padding: 0px; margin-right: 0px; margin-bottom: 0px; margin-left: 0px; border: 0px; margin-top: -5px !important;\"></span><span style=\"padding: 0px; margin: 0px 10px 0px 0px;\">﻿88% Polyester, 12% Spandex</span></div><div class=\"product-details-text\" style=\"padding: 0px; margin: 0px; width: 907.188px; float: left; line-height: 27px; color: rgb(93, 90, 90);\"><span style=\"padding: 0px; margin: 0px 10px 0px 0px;\"><img src=\"https://static.ajkerdeal.com/images/dealdetailsnew/dealdetails_arrow.svg\" style=\"padding: 0px; margin-right: 0px; margin-bottom: 0px; margin-left: 0px; border: 0px; margin-top: -5px !important;\"></span><span style=\"padding: 0px; margin: 0px 10px 0px 0px;\">&nbsp;Gender: Men</span></div><div class=\"product-details-text\" style=\"padding: 0px; margin: 0px; width: 907.188px; float: left; line-height: 27px; color: rgb(93, 90, 90);\"><span style=\"padding: 0px; margin: 0px 10px 0px 0px;\"><img src=\"https://static.ajkerdeal.com/images/dealdetailsnew/dealdetails_arrow.svg\" style=\"padding: 0px; margin-right: 0px; margin-bottom: 0px; margin-left: 0px; border: 0px; margin-top: -5px !important;\"></span><span style=\"padding: 0px; margin: 0px 10px 0px 0px;\">&nbsp;Digital Print</span></div><div class=\"product-details-text\" style=\"padding: 0px; margin: 0px; width: 907.188px; float: left; line-height: 27px; color: rgb(93, 90, 90);\"><span style=\"padding: 0px; margin: 0px 10px 0px 0px;\"><img src=\"https://static.ajkerdeal.com/images/dealdetailsnew/dealdetails_arrow.svg\" style=\"padding: 0px; margin-right: 0px; margin-bottom: 0px; margin-left: 0px; border: 0px; margin-top: -5px !important;\"></span><span style=\"padding: 0px; margin: 0px 10px 0px 0px;\">&nbsp;Gsm: 160-170</span></div><div class=\"product-details-text\" style=\"padding: 0px; margin: 0px; width: 907.188px; float: left; line-height: 27px; color: rgb(93, 90, 90);\"><span style=\"padding: 0px; margin: 0px 10px 0px 0px;\"><img src=\"https://static.ajkerdeal.com/images/dealdetailsnew/dealdetails_arrow.svg\" style=\"padding: 0px; margin-right: 0px; margin-bottom: 0px; margin-left: 0px; border: 0px; margin-top: -5px !important;\"></span><span style=\"padding: 0px; margin: 0px 10px 0px 0px;\">&nbsp;Size: M-Length 27,Chest 38</span></div><div class=\"product-details-text\" style=\"padding: 0px; margin: 0px; width: 907.188px; float: left; line-height: 27px; color: rgb(93, 90, 90);\"><span style=\"padding: 0px; margin: 0px 10px 0px 0px;\"><img src=\"https://static.ajkerdeal.com/images/dealdetailsnew/dealdetails_arrow.svg\" style=\"padding: 0px; margin-right: 0px; margin-bottom: 0px; margin-left: 0px; border: 0px; margin-top: -5px !important;\"></span><span style=\"padding: 0px; margin: 0px 10px 0px 0px;\">&nbsp;Size: L-Length 28,Chest 40</span></div><div class=\"product-details-text\" style=\"padding: 0px; margin: 0px; width: 907.188px; float: left; line-height: 27px; color: rgb(93, 90, 90);\"><span style=\"padding: 0px; margin: 0px 10px 0px 0px;\"><img src=\"https://static.ajkerdeal.com/images/dealdetailsnew/dealdetails_arrow.svg\" style=\"padding: 0px; margin-right: 0px; margin-bottom: 0px; margin-left: 0px; border: 0px; margin-top: -5px !important;\"></span><span style=\"padding: 0px; margin: 0px 10px 0px 0px;\">&nbsp;Size : XL-Length 29,Chest 42</span></div></div><h3 style=\"padding: 0px; margin: 20px 0px 18.1406px; font-family: SolaimanLipi, Vrinda, Helvetica, Verdana, sans-serif; line-height: 1.1; color: rgb(51, 51, 51); font-size: 14px;\"><span class=\"deal-title-new\" style=\"padding: 0px; margin: 0px;\">সলিড কালার জার্সি হাফ-স্লীভ টি-শার্ট ফর মেন</span>কিনুন বাংলাদেশের সেরা দামে</h3><div class=\"product-specification-container\" style=\"padding: 0px; margin: 0px 0px 18.1406px; color: rgb(51, 51, 51); font-family: SolaimanLipi, helvetica, verdana;\"><span class=\"product-specification-head\" style=\"padding: 0px; margin: 0px 0px 10px; width: 907.188px; float: left; background-color: rgb(233, 234, 235);\"><h2 style=\"padding: 0px; margin: 10px 0px; font-family: SolaimanLipi, Vrinda, Helvetica, Verdana, sans-serif; line-height: 1.1; font-size: 15px;\"><span class=\"deal-title-new\" style=\"padding: 0px; margin: 0px;\">সলিড কালার জার্সি হাফ-স্লীভ টি-শার্ট ফর মেন</span>- Product Specification</h2></span><div class=\"product-detail-header-wrapper\" style=\"padding: 8px; margin: 0px 0px 10px; width: 907.188px; float: left;\"><div class=\"header-text-new\" style=\"padding: 0px; margin: 0px; float: left; width: 445.594px; font-size: 15px; color: rgb(93, 90, 90); font-family: SolaimanLipi, Helvetica, Verdana;\"><span class=\"specication-header\" style=\"padding: 0px; margin: 0px; font-weight: 700; color: rgb(0, 0, 0);\">ব্র্যান্ড :</span><span id=\"BrandNameInProuductDetails\" style=\"padding: 0px; margin: 0px;\"></span></div><div class=\"header-code-text\" style=\"padding: 0px; margin: 0px; float: left; width: 445.594px; text-align: right; font-family: SolaimanLipi, Helvetica, Verdana; color: rgb(93, 90, 90);\"><span class=\"specication-header\" style=\"padding: 0px; margin: 0px; font-size: 15px; font-weight: 700; color: rgb(0, 0, 0);\">ডিল কোড:&nbsp;</span><span id=\"DealCodeInProuductDetails\" style=\"padding: 0px; margin: 0px;\">১৪০১৪১৫</span></div></div><div class=\"product-detail-header-wrapper\" style=\"padding: 8px; margin: 0px 0px 10px; width: 907.188px; float: left;\"><div class=\"header-text-new\" style=\"padding: 0px; margin: 0px; float: left; width: 445.594px; font-size: 15px; color: rgb(93, 90, 90); font-family: SolaimanLipi, Helvetica, Verdana;\"><span class=\"specication-header\" style=\"padding: 0px; margin: 0px; font-weight: 700; color: rgb(0, 0, 0);\">বৈশিষ্ট্যসমূহ :</span><span class=\"feautures-wrapper\" style=\"padding: 0px; margin: 0px;\"><div class=\"product-details-text\" style=\"padding: 0px; margin: 0px; width: 445.594px; float: left; font-size: 14px; line-height: 27px;\"><span style=\"padding: 0px; margin: 0px 10px 0px 0px;\"><img src=\"https://static.ajkerdeal.com/images/dealdetailsnew/dealdetails_arrow.svg\" style=\"padding: 0px; margin-right: 0px; margin-bottom: 0px; margin-left: 0px; border: 0px; margin-top: -5px !important;\"></span><span style=\"padding: 0px; margin: 0px 10px 0px 0px;\">প্রযোজ্য নয়</span></div></span></div><div class=\"header-code-text\" style=\"padding: 0px; margin: 0px; float: left; width: 445.594px; text-align: right; font-family: SolaimanLipi, Helvetica, Verdana; color: rgb(93, 90, 90);\"><span class=\"specication-header\" style=\"padding: 0px; margin: 0px; font-size: 15px; font-weight: 700; color: rgb(0, 0, 0);\">মডেল :</span><span id=\"ModelNo\" style=\"padding: 0px; margin: 0px;\"><div class=\"product-details-text\" style=\"padding: 0px; margin: 0px; width: 445.594px; float: left; line-height: 27px;\"><span style=\"padding: 0px; margin: 0px 10px 0px 0px;\"><img src=\"https://static.ajkerdeal.com/images/dealdetailsnew/dealdetails_arrow.svg\" style=\"padding: 0px; margin-right: 0px; margin-bottom: 0px; margin-left: 0px; border: 0px; margin-top: -5px !important;\"></span><span style=\"padding: 0px; margin: 0px 10px 0px 0px;\">প্রযোজ্য নয়</span></div></span></div></div><div class=\"product-specification-text-wrapper\" style=\"padding: 0px; margin: 9.0625px 0px 0px;\"></div><div class=\"product-detail-header-wrapper\" style=\"padding: 8px; margin: 0px 0px 10px; width: 907.188px; float: left;\"><div class=\"header-text-new\" style=\"padding: 0px; margin: 0px; float: left; width: 445.594px; font-size: 15px; color: rgb(93, 90, 90); font-family: SolaimanLipi, Helvetica, Verdana;\"><span class=\"specication-header\" style=\"padding: 0px; margin: 0px; font-weight: 700; color: rgb(0, 0, 0);\">প্যাকেটে যা থাকছে :</span></div></div><div class=\"packets-includes-product-wrapper\" style=\"padding: 0px; margin: 0px;\"><span class=\"packets-includes-product-text\" style=\"padding: 0px; margin: 0px 0px 0px 10px;\"><div class=\"product-details-text\" style=\"padding: 0px; margin: 0px; width: 907.188px; float: left; line-height: 27px; color: rgb(93, 90, 90);\"><span style=\"padding: 0px; margin: 0px 10px 0px 0px;\"><img src=\"https://static.ajkerdeal.com/images/dealdetailsnew/dealdetails_arrow.svg\" style=\"padding: 0px; margin-right: 0px; margin-bottom: 0px; margin-left: 0px; border: 0px; margin-top: -5px !important;\"></span><span style=\"padding: 0px; margin: 0px 10px 0px 0px;\">সলিড কালার জার্সি হাফ-স্লীভ টি-শার্ট ফর মেন</span></div></span></div></div>', 'upload/product-images/download (16).jpeg', 0, 0, 0, 1, '2023-05-29 15:02:41', '2023-05-29 15:02:41'),
(9, 3, 4, 2, 1, 'Vision', 'b2', 'b2', 15, 60000, 58000, 'আজকেরডিল একটি মার্কেটপ্লেস। এখানে সব প্রোডাক্ট মার্চেন্ট / বিক্রেতা সরবরাহ করে এবং প্রোডাক্টের গুনগত মানের দায়দায়িত্ব তাদের। সেজন্য গ্রাহকদের মার্চেন্ট ও প্রোডাক্টের রেটিং এবং রিভিউ দেখে পণ্য কেনার পরামর্শ দেয়া হচ্ছে। মার্চেন্ট ও প্রোডাক্টের কোন প্রকার অভিযোগ থাকলে আজকেরডিলের সাথে তাৎক্ষনিকভাবে যোগাযোগ করুন।', '<div class=\"product-details-container\" style=\"padding: 0px; margin: 0px; width: 907.188px; float: left;\"><div class=\"product-detail-header\" style=\"padding: 8px; margin: 0px 0px 10px; width: 907.188px; float: left; background-color: rgb(233, 234, 235);\"><div class=\"header-text-new\" style=\"padding: 0px; margin: 0px; float: left; width: 445.594px; font-size: 15px; color: rgb(93, 90, 90); font-family: SolaimanLipi, Helvetica, Verdana;\"><h2 style=\"padding: 0px; margin: 4px 0px 2px; font-family: SolaimanLipi, Vrinda, Helvetica, Verdana, sans-serif; line-height: 1.1; font-size: 15px;\">প্রোডাক্টের বিবরণ :&nbsp;<span class=\"deal-title-new\" style=\"padding: 0px; margin: 0px;\">সলিড কালার জার্সি হাফ-স্লীভ টি-শার্ট ফর মেন</span></h2></div><div class=\"header-code-text\" style=\"padding: 0px; margin: 0px; float: left; width: 445.594px; text-align: right; font-family: SolaimanLipi, Helvetica, Verdana; color: rgb(93, 90, 90);\"><span style=\"padding: 0px; margin: 0px;\">ডিল কোড:</span>&nbsp;<span id=\"DealCodeLabel\" style=\"padding: 0px; margin: 0px;\">১৪০১৪১৫</span></div></div><div class=\"product-details-text-wrapper\" style=\"padding: 0px; margin: 10px 0px 20px; width: 907.188px; float: left;\"><div class=\"product-details-text\" style=\"padding: 0px; margin: 0px; width: 907.188px; float: left; line-height: 27px; color: rgb(93, 90, 90);\"><span style=\"padding: 0px; margin: 0px 10px 0px 0px;\"><img src=\"https://static.ajkerdeal.com/images/dealdetailsnew/dealdetails_arrow.svg\" style=\"padding: 0px; margin-right: 0px; margin-bottom: 0px; margin-left: 0px; border: 0px; margin-top: -5px !important;\"></span><span style=\"padding: 0px; margin: 0px 10px 0px 0px;\">﻿88% Polyester, 12% Spandex</span></div><div class=\"product-details-text\" style=\"padding: 0px; margin: 0px; width: 907.188px; float: left; line-height: 27px; color: rgb(93, 90, 90);\"><span style=\"padding: 0px; margin: 0px 10px 0px 0px;\"><img src=\"https://static.ajkerdeal.com/images/dealdetailsnew/dealdetails_arrow.svg\" style=\"padding: 0px; margin-right: 0px; margin-bottom: 0px; margin-left: 0px; border: 0px; margin-top: -5px !important;\"></span><span style=\"padding: 0px; margin: 0px 10px 0px 0px;\">&nbsp;Gender: Men</span></div><div class=\"product-details-text\" style=\"padding: 0px; margin: 0px; width: 907.188px; float: left; line-height: 27px; color: rgb(93, 90, 90);\"><span style=\"padding: 0px; margin: 0px 10px 0px 0px;\"><img src=\"https://static.ajkerdeal.com/images/dealdetailsnew/dealdetails_arrow.svg\" style=\"padding: 0px; margin-right: 0px; margin-bottom: 0px; margin-left: 0px; border: 0px; margin-top: -5px !important;\"></span><span style=\"padding: 0px; margin: 0px 10px 0px 0px;\">&nbsp;Digital Print</span></div><div class=\"product-details-text\" style=\"padding: 0px; margin: 0px; width: 907.188px; float: left; line-height: 27px; color: rgb(93, 90, 90);\"><span style=\"padding: 0px; margin: 0px 10px 0px 0px;\"><img src=\"https://static.ajkerdeal.com/images/dealdetailsnew/dealdetails_arrow.svg\" style=\"padding: 0px; margin-right: 0px; margin-bottom: 0px; margin-left: 0px; border: 0px; margin-top: -5px !important;\"></span><span style=\"padding: 0px; margin: 0px 10px 0px 0px;\">&nbsp;Gsm: 160-170</span></div><div class=\"product-details-text\" style=\"padding: 0px; margin: 0px; width: 907.188px; float: left; line-height: 27px; color: rgb(93, 90, 90);\"><span style=\"padding: 0px; margin: 0px 10px 0px 0px;\"><img src=\"https://static.ajkerdeal.com/images/dealdetailsnew/dealdetails_arrow.svg\" style=\"padding: 0px; margin-right: 0px; margin-bottom: 0px; margin-left: 0px; border: 0px; margin-top: -5px !important;\"></span><span style=\"padding: 0px; margin: 0px 10px 0px 0px;\">&nbsp;Size: M-Length 27,Chest 38</span></div><div class=\"product-details-text\" style=\"padding: 0px; margin: 0px; width: 907.188px; float: left; line-height: 27px; color: rgb(93, 90, 90);\"><span style=\"padding: 0px; margin: 0px 10px 0px 0px;\"><img src=\"https://static.ajkerdeal.com/images/dealdetailsnew/dealdetails_arrow.svg\" style=\"padding: 0px; margin-right: 0px; margin-bottom: 0px; margin-left: 0px; border: 0px; margin-top: -5px !important;\"></span><span style=\"padding: 0px; margin: 0px 10px 0px 0px;\">&nbsp;Size: L-Length 28,Chest 40</span></div><div class=\"product-details-text\" style=\"padding: 0px; margin: 0px; width: 907.188px; float: left; line-height: 27px; color: rgb(93, 90, 90);\"><span style=\"padding: 0px; margin: 0px 10px 0px 0px;\"><img src=\"https://static.ajkerdeal.com/images/dealdetailsnew/dealdetails_arrow.svg\" style=\"padding: 0px; margin-right: 0px; margin-bottom: 0px; margin-left: 0px; border: 0px; margin-top: -5px !important;\"></span><span style=\"padding: 0px; margin: 0px 10px 0px 0px;\">&nbsp;Size : XL-Length 29,Chest 42</span></div></div><h3 style=\"padding: 0px; margin: 20px 0px 18.1406px; font-family: SolaimanLipi, Vrinda, Helvetica, Verdana, sans-serif; line-height: 1.1; font-size: 14px;\"><span class=\"deal-title-new\" style=\"padding: 0px; margin: 0px;\">সলিড কালার জার্সি হাফ-স্লীভ টি-শার্ট ফর মেন</span>কিনুন বাংলাদেশের সেরা দামে</h3><div class=\"product-specification-container\" style=\"padding: 0px; margin: 0px 0px 18.1406px;\"><span class=\"product-specification-head\" style=\"padding: 0px; margin: 0px 0px 10px; width: 907.188px; float: left; background-color: rgb(233, 234, 235);\"><h2 style=\"padding: 0px; margin: 10px 0px; font-family: SolaimanLipi, Vrinda, Helvetica, Verdana, sans-serif; line-height: 1.1; font-size: 15px;\"><span class=\"deal-title-new\" style=\"padding: 0px; margin: 0px;\">সলিড কালার জার্সি হাফ-স্লীভ টি-শার্ট ফর মেন</span>- Product Specification</h2></span><div class=\"product-detail-header-wrapper\" style=\"padding: 8px; margin: 0px 0px 10px; width: 907.188px; float: left;\"><div class=\"header-text-new\" style=\"padding: 0px; margin: 0px; float: left; width: 445.594px; font-size: 15px; color: rgb(93, 90, 90); font-family: SolaimanLipi, Helvetica, Verdana;\"><span class=\"specication-header\" style=\"padding: 0px; margin: 0px; font-weight: 700; color: rgb(0, 0, 0);\">ব্র্যান্ড :</span><span id=\"BrandNameInProuductDetails\" style=\"padding: 0px; margin: 0px;\"></span></div><div class=\"header-code-text\" style=\"padding: 0px; margin: 0px; float: left; width: 445.594px; text-align: right; font-family: SolaimanLipi, Helvetica, Verdana; color: rgb(93, 90, 90);\"><span class=\"specication-header\" style=\"padding: 0px; margin: 0px; font-size: 15px; font-weight: 700; color: rgb(0, 0, 0);\">ডিল কোড:&nbsp;</span><span id=\"DealCodeInProuductDetails\" style=\"padding: 0px; margin: 0px;\">১৪০১৪১৫</span></div></div><div class=\"product-detail-header-wrapper\" style=\"padding: 8px; margin: 0px 0px 10px; width: 907.188px; float: left;\"><div class=\"header-text-new\" style=\"padding: 0px; margin: 0px; float: left; width: 445.594px; font-size: 15px; color: rgb(93, 90, 90); font-family: SolaimanLipi, Helvetica, Verdana;\"><span class=\"specication-header\" style=\"padding: 0px; margin: 0px; font-weight: 700; color: rgb(0, 0, 0);\">বৈশিষ্ট্যসমূহ :</span><span class=\"feautures-wrapper\" style=\"padding: 0px; margin: 0px;\"><div class=\"product-details-text\" style=\"padding: 0px; margin: 0px; width: 445.594px; float: left; font-size: 14px; line-height: 27px;\"><span style=\"padding: 0px; margin: 0px 10px 0px 0px;\"><img src=\"https://static.ajkerdeal.com/images/dealdetailsnew/dealdetails_arrow.svg\" style=\"padding: 0px; margin-right: 0px; margin-bottom: 0px; margin-left: 0px; border: 0px; margin-top: -5px !important;\"></span><span style=\"padding: 0px; margin: 0px 10px 0px 0px;\">প্রযোজ্য নয়</span></div></span></div><div class=\"header-code-text\" style=\"padding: 0px; margin: 0px; float: left; width: 445.594px; text-align: right; font-family: SolaimanLipi, Helvetica, Verdana; color: rgb(93, 90, 90);\"><span class=\"specication-header\" style=\"padding: 0px; margin: 0px; font-size: 15px; font-weight: 700; color: rgb(0, 0, 0);\">মডেল :</span><span id=\"ModelNo\" style=\"padding: 0px; margin: 0px;\"><div class=\"product-details-text\" style=\"padding: 0px; margin: 0px; width: 445.594px; float: left; line-height: 27px;\"><span style=\"padding: 0px; margin: 0px 10px 0px 0px;\"><img src=\"https://static.ajkerdeal.com/images/dealdetailsnew/dealdetails_arrow.svg\" style=\"padding: 0px; margin-right: 0px; margin-bottom: 0px; margin-left: 0px; border: 0px; margin-top: -5px !important;\"></span><span style=\"padding: 0px; margin: 0px 10px 0px 0px;\">প্রযোজ্য নয়</span></div></span></div></div><div class=\"product-specification-text-wrapper\" style=\"padding: 0px; margin: 9.0625px 0px 0px;\"></div><div class=\"product-detail-header-wrapper\" style=\"padding: 8px; margin: 0px 0px 10px; width: 907.188px; float: left;\"><div class=\"header-text-new\" style=\"padding: 0px; margin: 0px; float: left; width: 445.594px; font-size: 15px; color: rgb(93, 90, 90); font-family: SolaimanLipi, Helvetica, Verdana;\"><span class=\"specication-header\" style=\"padding: 0px; margin: 0px; font-weight: 700; color: rgb(0, 0, 0);\">প্যাকেটে যা থাকছে :</span></div></div><div class=\"packets-includes-product-wrapper\" style=\"padding: 0px; margin: 0px;\"><span class=\"packets-includes-product-text\" style=\"padding: 0px; margin: 0px 0px 0px 10px;\"><div class=\"product-details-text\" style=\"padding: 0px; margin: 0px; width: 907.188px; float: left; line-height: 27px; color: rgb(93, 90, 90);\"><span style=\"padding: 0px; margin: 0px 10px 0px 0px;\"><img src=\"https://static.ajkerdeal.com/images/dealdetailsnew/dealdetails_arrow.svg\" style=\"padding: 0px; margin-right: 0px; margin-bottom: 0px; margin-left: 0px; border: 0px; margin-top: -5px !important;\"></span><span style=\"padding: 0px; margin: 0px 10px 0px 0px;\">সলিড কালার জার্সি হাফ-স্লীভ টি-শার্ট ফর মেন</span></div></span></div></div></div><div class=\"cash-back-Condition-wrapper\" style=\"padding: 0px; margin: 0px; width: 907.188px; float: left;\"><div class=\"cash-back-header\" style=\"padding: 10px; margin: 0px; width: 907.188px; float: left; background-color: rgb(233, 234, 235); color: rgb(51, 51, 51); font-family: SolaimanLipi, helvetica, verdana;\"><div class=\"cash-back-header-text-new\" style=\"padding: 0px; margin: 0px;\"></div></div></div>', 'upload/product-images/download (13).jpeg', 0, 0, 0, 1, '2023-05-29 15:04:01', '2023-05-29 15:04:01');
INSERT INTO `products` (`id`, `category_id`, `sub_category_id`, `brand_id`, `unit_id`, `name`, `code`, `model`, `stock_amount`, `regular_price`, `selling_price`, `short_description`, `long_description`, `image`, `hit_count`, `sales_count`, `featured_status`, `status`, `created_at`, `updated_at`) VALUES
(10, 4, 5, 2, 1, 'Swag T Shirt Baby', 'c1', 'c1', 60, 300, 150, 'আজকেরডিল একটি মার্কেটপ্লেস। এখানে সব প্রোডাক্ট মার্চেন্ট / বিক্রেতা সরবরাহ করে এবং প্রোডাক্টের গুনগত মানের দায়দায়িত্ব তাদের। সেজন্য গ্রাহকদের মার্চেন্ট ও প্রোডাক্টের রেটিং এবং রিভিউ দেখে পণ্য কেনার পরামর্শ দেয়া হচ্ছে। মার্চেন্ট ও প্রোডাক্টের কোন প্রকার অভিযোগ থাকলে আজকেরডিলের সাথে তাৎক্ষনিকভাবে যোগাযোগ করুন।', '<div class=\"product-details-container\" style=\"padding: 0px; margin: 0px; width: 907.188px; float: left;\"><div class=\"product-detail-header\" style=\"padding: 8px; margin: 0px 0px 10px; width: 907.188px; float: left; background-color: rgb(233, 234, 235);\"><div class=\"header-text-new\" style=\"padding: 0px; margin: 0px; float: left; width: 445.594px; font-size: 15px; color: rgb(93, 90, 90); font-family: SolaimanLipi, Helvetica, Verdana;\"><h2 style=\"padding: 0px; margin: 4px 0px 2px; font-family: SolaimanLipi, Vrinda, Helvetica, Verdana, sans-serif; line-height: 1.1; font-size: 15px;\">প্রোডাক্টের বিবরণ :&nbsp;<span class=\"deal-title-new\" style=\"padding: 0px; margin: 0px;\">সলিড কালার জার্সি হাফ-স্লীভ টি-শার্ট ফর মেন</span></h2></div><div class=\"header-code-text\" style=\"padding: 0px; margin: 0px; float: left; width: 445.594px; text-align: right; font-family: SolaimanLipi, Helvetica, Verdana; color: rgb(93, 90, 90);\"><span style=\"padding: 0px; margin: 0px;\">ডিল কোড:</span>&nbsp;<span id=\"DealCodeLabel\" style=\"padding: 0px; margin: 0px;\">১৪০১৪১৫</span></div></div><div class=\"product-details-text-wrapper\" style=\"padding: 0px; margin: 10px 0px 20px; width: 907.188px; float: left;\"><div class=\"product-details-text\" style=\"padding: 0px; margin: 0px; width: 907.188px; float: left; line-height: 27px; color: rgb(93, 90, 90);\"><span style=\"padding: 0px; margin: 0px 10px 0px 0px;\"><img src=\"https://static.ajkerdeal.com/images/dealdetailsnew/dealdetails_arrow.svg\" style=\"padding: 0px; margin-right: 0px; margin-bottom: 0px; margin-left: 0px; border: 0px; margin-top: -5px !important;\"></span><span style=\"padding: 0px; margin: 0px 10px 0px 0px;\">﻿88% Polyester, 12% Spandex</span></div><div class=\"product-details-text\" style=\"padding: 0px; margin: 0px; width: 907.188px; float: left; line-height: 27px; color: rgb(93, 90, 90);\"><span style=\"padding: 0px; margin: 0px 10px 0px 0px;\"><img src=\"https://static.ajkerdeal.com/images/dealdetailsnew/dealdetails_arrow.svg\" style=\"padding: 0px; margin-right: 0px; margin-bottom: 0px; margin-left: 0px; border: 0px; margin-top: -5px !important;\"></span><span style=\"padding: 0px; margin: 0px 10px 0px 0px;\">&nbsp;Gender: Men</span></div><div class=\"product-details-text\" style=\"padding: 0px; margin: 0px; width: 907.188px; float: left; line-height: 27px; color: rgb(93, 90, 90);\"><span style=\"padding: 0px; margin: 0px 10px 0px 0px;\"><img src=\"https://static.ajkerdeal.com/images/dealdetailsnew/dealdetails_arrow.svg\" style=\"padding: 0px; margin-right: 0px; margin-bottom: 0px; margin-left: 0px; border: 0px; margin-top: -5px !important;\"></span><span style=\"padding: 0px; margin: 0px 10px 0px 0px;\">&nbsp;Digital Print</span></div><div class=\"product-details-text\" style=\"padding: 0px; margin: 0px; width: 907.188px; float: left; line-height: 27px; color: rgb(93, 90, 90);\"><span style=\"padding: 0px; margin: 0px 10px 0px 0px;\"><img src=\"https://static.ajkerdeal.com/images/dealdetailsnew/dealdetails_arrow.svg\" style=\"padding: 0px; margin-right: 0px; margin-bottom: 0px; margin-left: 0px; border: 0px; margin-top: -5px !important;\"></span><span style=\"padding: 0px; margin: 0px 10px 0px 0px;\">&nbsp;Gsm: 160-170</span></div><div class=\"product-details-text\" style=\"padding: 0px; margin: 0px; width: 907.188px; float: left; line-height: 27px; color: rgb(93, 90, 90);\"><span style=\"padding: 0px; margin: 0px 10px 0px 0px;\"><img src=\"https://static.ajkerdeal.com/images/dealdetailsnew/dealdetails_arrow.svg\" style=\"padding: 0px; margin-right: 0px; margin-bottom: 0px; margin-left: 0px; border: 0px; margin-top: -5px !important;\"></span><span style=\"padding: 0px; margin: 0px 10px 0px 0px;\">&nbsp;Size: M-Length 27,Chest 38</span></div><div class=\"product-details-text\" style=\"padding: 0px; margin: 0px; width: 907.188px; float: left; line-height: 27px; color: rgb(93, 90, 90);\"><span style=\"padding: 0px; margin: 0px 10px 0px 0px;\"><img src=\"https://static.ajkerdeal.com/images/dealdetailsnew/dealdetails_arrow.svg\" style=\"padding: 0px; margin-right: 0px; margin-bottom: 0px; margin-left: 0px; border: 0px; margin-top: -5px !important;\"></span><span style=\"padding: 0px; margin: 0px 10px 0px 0px;\">&nbsp;Size: L-Length 28,Chest 40</span></div><div class=\"product-details-text\" style=\"padding: 0px; margin: 0px; width: 907.188px; float: left; line-height: 27px; color: rgb(93, 90, 90);\"><span style=\"padding: 0px; margin: 0px 10px 0px 0px;\"><img src=\"https://static.ajkerdeal.com/images/dealdetailsnew/dealdetails_arrow.svg\" style=\"padding: 0px; margin-right: 0px; margin-bottom: 0px; margin-left: 0px; border: 0px; margin-top: -5px !important;\"></span><span style=\"padding: 0px; margin: 0px 10px 0px 0px;\">&nbsp;Size : XL-Length 29,Chest 42</span></div></div><h3 style=\"padding: 0px; margin: 20px 0px 18.1406px; font-family: SolaimanLipi, Vrinda, Helvetica, Verdana, sans-serif; line-height: 1.1; font-size: 14px;\"><span class=\"deal-title-new\" style=\"padding: 0px; margin: 0px;\">সলিড কালার জার্সি হাফ-স্লীভ টি-শার্ট ফর মেন</span>কিনুন বাংলাদেশের সেরা দামে</h3><div class=\"product-specification-container\" style=\"padding: 0px; margin: 0px 0px 18.1406px;\"><span class=\"product-specification-head\" style=\"padding: 0px; margin: 0px 0px 10px; width: 907.188px; float: left; background-color: rgb(233, 234, 235);\"><h2 style=\"padding: 0px; margin: 10px 0px; font-family: SolaimanLipi, Vrinda, Helvetica, Verdana, sans-serif; line-height: 1.1; font-size: 15px;\"><span class=\"deal-title-new\" style=\"padding: 0px; margin: 0px;\">সলিড কালার জার্সি হাফ-স্লীভ টি-শার্ট ফর মেন</span>- Product Specification</h2></span><div class=\"product-detail-header-wrapper\" style=\"padding: 8px; margin: 0px 0px 10px; width: 907.188px; float: left;\"><div class=\"header-text-new\" style=\"padding: 0px; margin: 0px; float: left; width: 445.594px; font-size: 15px; color: rgb(93, 90, 90); font-family: SolaimanLipi, Helvetica, Verdana;\"><span class=\"specication-header\" style=\"padding: 0px; margin: 0px; font-weight: 700; color: rgb(0, 0, 0);\">ব্র্যান্ড :</span><span id=\"BrandNameInProuductDetails\" style=\"padding: 0px; margin: 0px;\"></span></div><div class=\"header-code-text\" style=\"padding: 0px; margin: 0px; float: left; width: 445.594px; text-align: right; font-family: SolaimanLipi, Helvetica, Verdana; color: rgb(93, 90, 90);\"><span class=\"specication-header\" style=\"padding: 0px; margin: 0px; font-size: 15px; font-weight: 700; color: rgb(0, 0, 0);\">ডিল কোড:&nbsp;</span><span id=\"DealCodeInProuductDetails\" style=\"padding: 0px; margin: 0px;\">১৪০১৪১৫</span></div></div><div class=\"product-detail-header-wrapper\" style=\"padding: 8px; margin: 0px 0px 10px; width: 907.188px; float: left;\"><div class=\"header-text-new\" style=\"padding: 0px; margin: 0px; float: left; width: 445.594px; font-size: 15px; color: rgb(93, 90, 90); font-family: SolaimanLipi, Helvetica, Verdana;\"><span class=\"specication-header\" style=\"padding: 0px; margin: 0px; font-weight: 700; color: rgb(0, 0, 0);\">বৈশিষ্ট্যসমূহ :</span><span class=\"feautures-wrapper\" style=\"padding: 0px; margin: 0px;\"><div class=\"product-details-text\" style=\"padding: 0px; margin: 0px; width: 445.594px; float: left; font-size: 14px; line-height: 27px;\"><span style=\"padding: 0px; margin: 0px 10px 0px 0px;\"><img src=\"https://static.ajkerdeal.com/images/dealdetailsnew/dealdetails_arrow.svg\" style=\"padding: 0px; margin-right: 0px; margin-bottom: 0px; margin-left: 0px; border: 0px; margin-top: -5px !important;\"></span><span style=\"padding: 0px; margin: 0px 10px 0px 0px;\">প্রযোজ্য নয়</span></div></span></div><div class=\"header-code-text\" style=\"padding: 0px; margin: 0px; float: left; width: 445.594px; text-align: right; font-family: SolaimanLipi, Helvetica, Verdana; color: rgb(93, 90, 90);\"><span class=\"specication-header\" style=\"padding: 0px; margin: 0px; font-size: 15px; font-weight: 700; color: rgb(0, 0, 0);\">মডেল :</span><span id=\"ModelNo\" style=\"padding: 0px; margin: 0px;\"><div class=\"product-details-text\" style=\"padding: 0px; margin: 0px; width: 445.594px; float: left; line-height: 27px;\"><span style=\"padding: 0px; margin: 0px 10px 0px 0px;\"><img src=\"https://static.ajkerdeal.com/images/dealdetailsnew/dealdetails_arrow.svg\" style=\"padding: 0px; margin-right: 0px; margin-bottom: 0px; margin-left: 0px; border: 0px; margin-top: -5px !important;\"></span><span style=\"padding: 0px; margin: 0px 10px 0px 0px;\">প্রযোজ্য নয়</span></div></span></div></div><div class=\"product-specification-text-wrapper\" style=\"padding: 0px; margin: 9.0625px 0px 0px;\"></div><div class=\"product-detail-header-wrapper\" style=\"padding: 8px; margin: 0px 0px 10px; width: 907.188px; float: left;\"><div class=\"header-text-new\" style=\"padding: 0px; margin: 0px; float: left; width: 445.594px; font-size: 15px; color: rgb(93, 90, 90); font-family: SolaimanLipi, Helvetica, Verdana;\"><span class=\"specication-header\" style=\"padding: 0px; margin: 0px; font-weight: 700; color: rgb(0, 0, 0);\">প্যাকেটে যা থাকছে :</span></div></div><div class=\"packets-includes-product-wrapper\" style=\"padding: 0px; margin: 0px;\"><span class=\"packets-includes-product-text\" style=\"padding: 0px; margin: 0px 0px 0px 10px;\"><div class=\"product-details-text\" style=\"padding: 0px; margin: 0px; width: 907.188px; float: left; line-height: 27px; color: rgb(93, 90, 90);\"><span style=\"padding: 0px; margin: 0px 10px 0px 0px;\"><img src=\"https://static.ajkerdeal.com/images/dealdetailsnew/dealdetails_arrow.svg\" style=\"padding: 0px; margin-right: 0px; margin-bottom: 0px; margin-left: 0px; border: 0px; margin-top: -5px !important;\"></span><span style=\"padding: 0px; margin: 0px 10px 0px 0px;\">সলিড কালার জার্সি হাফ-স্লীভ টি-শার্ট ফর মেন</span></div></span></div></div></div><div class=\"cash-back-Condition-wrapper\" style=\"padding: 0px; margin: 0px; width: 907.188px; float: left;\"><div class=\"cash-back-header\" style=\"padding: 10px; margin: 0px; width: 907.188px; float: left; background-color: rgb(233, 234, 235); color: rgb(51, 51, 51); font-family: SolaimanLipi, helvetica, verdana;\"><div class=\"cash-back-header-text-new\" style=\"padding: 0px; margin: 0px;\"></div></div></div>', 'upload/product-images/s1_half-sleeve-fashionable-tshirt-for-summer.webp', 0, 0, 0, 1, '2023-05-29 15:05:18', '2023-05-29 15:05:18'),
(11, 5, 6, 3, 1, 'Cricket Bat Kiddo', 'd1', 'd1', 12, 2000, 1500, 'আজকেরডিল একটি মার্কেটপ্লেস। এখানে সব প্রোডাক্ট মার্চেন্ট / বিক্রেতা সরবরাহ করে এবং প্রোডাক্টের গুনগত মানের দায়দায়িত্ব তাদের। সেজন্য গ্রাহকদের মার্চেন্ট ও প্রোডাক্টের রেটিং এবং রিভিউ দেখে পণ্য কেনার পরামর্শ দেয়া হচ্ছে। মার্চেন্ট ও প্রোডাক্টের কোন প্রকার অভিযোগ থাকলে আজকেরডিলের সাথে তাৎক্ষনিকভাবে যোগাযোগ করুন।', '<div class=\"product-detail-header\" style=\"padding: 8px; margin: 0px 0px 10px; width: 907.188px; float: left; background-color: rgb(233, 234, 235); color: rgb(51, 51, 51); font-family: SolaimanLipi, helvetica, verdana;\"><div class=\"header-text-new\" style=\"padding: 0px; margin: 0px; float: left; width: 445.594px; font-size: 15px; color: rgb(93, 90, 90); font-family: SolaimanLipi, Helvetica, Verdana;\"><h2 style=\"padding: 0px; margin: 4px 0px 2px; font-family: SolaimanLipi, Vrinda, Helvetica, Verdana, sans-serif; line-height: 1.1; font-size: 15px;\">প্রোডাক্টের বিবরণ :&nbsp;<span class=\"deal-title-new\" style=\"padding: 0px; margin: 0px;\">সলিড কালার জার্সি হাফ-স্লীভ টি-শার্ট ফর মেন</span></h2></div><div class=\"header-code-text\" style=\"padding: 0px; margin: 0px; float: left; width: 445.594px; text-align: right; font-family: SolaimanLipi, Helvetica, Verdana; color: rgb(93, 90, 90);\"><span style=\"padding: 0px; margin: 0px;\">ডিল কোড:</span>&nbsp;<span id=\"DealCodeLabel\" style=\"padding: 0px; margin: 0px;\">১৪০১৪১৫</span></div></div><div class=\"product-details-text-wrapper\" style=\"padding: 0px; margin: 10px 0px 20px; width: 907.188px; float: left; color: rgb(51, 51, 51); font-family: SolaimanLipi, helvetica, verdana;\"><div class=\"product-details-text\" style=\"padding: 0px; margin: 0px; width: 907.188px; float: left; line-height: 27px; color: rgb(93, 90, 90);\"><span style=\"padding: 0px; margin: 0px 10px 0px 0px;\"><img src=\"https://static.ajkerdeal.com/images/dealdetailsnew/dealdetails_arrow.svg\" style=\"padding: 0px; margin-right: 0px; margin-bottom: 0px; margin-left: 0px; border: 0px; margin-top: -5px !important;\"></span><span style=\"padding: 0px; margin: 0px 10px 0px 0px;\">﻿88% Polyester, 12% Spandex</span></div><div class=\"product-details-text\" style=\"padding: 0px; margin: 0px; width: 907.188px; float: left; line-height: 27px; color: rgb(93, 90, 90);\"><span style=\"padding: 0px; margin: 0px 10px 0px 0px;\"><img src=\"https://static.ajkerdeal.com/images/dealdetailsnew/dealdetails_arrow.svg\" style=\"padding: 0px; margin-right: 0px; margin-bottom: 0px; margin-left: 0px; border: 0px; margin-top: -5px !important;\"></span><span style=\"padding: 0px; margin: 0px 10px 0px 0px;\">&nbsp;Gender: Men</span></div><div class=\"product-details-text\" style=\"padding: 0px; margin: 0px; width: 907.188px; float: left; line-height: 27px; color: rgb(93, 90, 90);\"><span style=\"padding: 0px; margin: 0px 10px 0px 0px;\"><img src=\"https://static.ajkerdeal.com/images/dealdetailsnew/dealdetails_arrow.svg\" style=\"padding: 0px; margin-right: 0px; margin-bottom: 0px; margin-left: 0px; border: 0px; margin-top: -5px !important;\"></span><span style=\"padding: 0px; margin: 0px 10px 0px 0px;\">&nbsp;Digital Print</span></div><div class=\"product-details-text\" style=\"padding: 0px; margin: 0px; width: 907.188px; float: left; line-height: 27px; color: rgb(93, 90, 90);\"><span style=\"padding: 0px; margin: 0px 10px 0px 0px;\"><img src=\"https://static.ajkerdeal.com/images/dealdetailsnew/dealdetails_arrow.svg\" style=\"padding: 0px; margin-right: 0px; margin-bottom: 0px; margin-left: 0px; border: 0px; margin-top: -5px !important;\"></span><span style=\"padding: 0px; margin: 0px 10px 0px 0px;\">&nbsp;Gsm: 160-170</span></div><div class=\"product-details-text\" style=\"padding: 0px; margin: 0px; width: 907.188px; float: left; line-height: 27px; color: rgb(93, 90, 90);\"><span style=\"padding: 0px; margin: 0px 10px 0px 0px;\"><img src=\"https://static.ajkerdeal.com/images/dealdetailsnew/dealdetails_arrow.svg\" style=\"padding: 0px; margin-right: 0px; margin-bottom: 0px; margin-left: 0px; border: 0px; margin-top: -5px !important;\"></span><span style=\"padding: 0px; margin: 0px 10px 0px 0px;\">&nbsp;Size: M-Length 27,Chest 38</span></div><div class=\"product-details-text\" style=\"padding: 0px; margin: 0px; width: 907.188px; float: left; line-height: 27px; color: rgb(93, 90, 90);\"><span style=\"padding: 0px; margin: 0px 10px 0px 0px;\"><img src=\"https://static.ajkerdeal.com/images/dealdetailsnew/dealdetails_arrow.svg\" style=\"padding: 0px; margin-right: 0px; margin-bottom: 0px; margin-left: 0px; border: 0px; margin-top: -5px !important;\"></span><span style=\"padding: 0px; margin: 0px 10px 0px 0px;\">&nbsp;Size: L-Length 28,Chest 40</span></div><div class=\"product-details-text\" style=\"padding: 0px; margin: 0px; width: 907.188px; float: left; line-height: 27px; color: rgb(93, 90, 90);\"><span style=\"padding: 0px; margin: 0px 10px 0px 0px;\"><img src=\"https://static.ajkerdeal.com/images/dealdetailsnew/dealdetails_arrow.svg\" style=\"padding: 0px; margin-right: 0px; margin-bottom: 0px; margin-left: 0px; border: 0px; margin-top: -5px !important;\"></span><span style=\"padding: 0px; margin: 0px 10px 0px 0px;\">&nbsp;Size : XL-Length 29,Chest 42</span></div></div><h3 style=\"padding: 0px; margin: 20px 0px 18.1406px; font-family: SolaimanLipi, Vrinda, Helvetica, Verdana, sans-serif; line-height: 1.1; color: rgb(51, 51, 51); font-size: 14px;\"><span class=\"deal-title-new\" style=\"padding: 0px; margin: 0px;\">সলিড কালার জার্সি হাফ-স্লীভ টি-শার্ট ফর মেন</span>কিনুন বাংলাদেশের সেরা দামে</h3><div class=\"product-specification-container\" style=\"padding: 0px; margin: 0px 0px 18.1406px; color: rgb(51, 51, 51); font-family: SolaimanLipi, helvetica, verdana;\"><span class=\"product-specification-head\" style=\"padding: 0px; margin: 0px 0px 10px; width: 907.188px; float: left; background-color: rgb(233, 234, 235);\"><h2 style=\"padding: 0px; margin: 10px 0px; font-family: SolaimanLipi, Vrinda, Helvetica, Verdana, sans-serif; line-height: 1.1; font-size: 15px;\"><span class=\"deal-title-new\" style=\"padding: 0px; margin: 0px;\">সলিড কালার জার্সি হাফ-স্লীভ টি-শার্ট ফর মেন</span>- Product Specification</h2></span><div class=\"product-detail-header-wrapper\" style=\"padding: 8px; margin: 0px 0px 10px; width: 907.188px; float: left;\"><div class=\"header-text-new\" style=\"padding: 0px; margin: 0px; float: left; width: 445.594px; font-size: 15px; color: rgb(93, 90, 90); font-family: SolaimanLipi, Helvetica, Verdana;\"><span class=\"specication-header\" style=\"padding: 0px; margin: 0px; font-weight: 700; color: rgb(0, 0, 0);\">ব্র্যান্ড :</span><span id=\"BrandNameInProuductDetails\" style=\"padding: 0px; margin: 0px;\"></span></div><div class=\"header-code-text\" style=\"padding: 0px; margin: 0px; float: left; width: 445.594px; text-align: right; font-family: SolaimanLipi, Helvetica, Verdana; color: rgb(93, 90, 90);\"><span class=\"specication-header\" style=\"padding: 0px; margin: 0px; font-size: 15px; font-weight: 700; color: rgb(0, 0, 0);\">ডিল কোড:&nbsp;</span><span id=\"DealCodeInProuductDetails\" style=\"padding: 0px; margin: 0px;\">১৪০১৪১৫</span></div></div><div class=\"product-detail-header-wrapper\" style=\"padding: 8px; margin: 0px 0px 10px; width: 907.188px; float: left;\"><div class=\"header-text-new\" style=\"padding: 0px; margin: 0px; float: left; width: 445.594px; font-size: 15px; color: rgb(93, 90, 90); font-family: SolaimanLipi, Helvetica, Verdana;\"><span class=\"specication-header\" style=\"padding: 0px; margin: 0px; font-weight: 700; color: rgb(0, 0, 0);\">বৈশিষ্ট্যসমূহ :</span><span class=\"feautures-wrapper\" style=\"padding: 0px; margin: 0px;\"><div class=\"product-details-text\" style=\"padding: 0px; margin: 0px; width: 445.594px; float: left; font-size: 14px; line-height: 27px;\"><span style=\"padding: 0px; margin: 0px 10px 0px 0px;\"><img src=\"https://static.ajkerdeal.com/images/dealdetailsnew/dealdetails_arrow.svg\" style=\"padding: 0px; margin-right: 0px; margin-bottom: 0px; margin-left: 0px; border: 0px; margin-top: -5px !important;\"></span><span style=\"padding: 0px; margin: 0px 10px 0px 0px;\">প্রযোজ্য নয়</span></div></span></div><div class=\"header-code-text\" style=\"padding: 0px; margin: 0px; float: left; width: 445.594px; text-align: right; font-family: SolaimanLipi, Helvetica, Verdana; color: rgb(93, 90, 90);\"><span class=\"specication-header\" style=\"padding: 0px; margin: 0px; font-size: 15px; font-weight: 700; color: rgb(0, 0, 0);\">মডেল :</span><span id=\"ModelNo\" style=\"padding: 0px; margin: 0px;\"><div class=\"product-details-text\" style=\"padding: 0px; margin: 0px; width: 445.594px; float: left; line-height: 27px;\"><span style=\"padding: 0px; margin: 0px 10px 0px 0px;\"><img src=\"https://static.ajkerdeal.com/images/dealdetailsnew/dealdetails_arrow.svg\" style=\"padding: 0px; margin-right: 0px; margin-bottom: 0px; margin-left: 0px; border: 0px; margin-top: -5px !important;\"></span><span style=\"padding: 0px; margin: 0px 10px 0px 0px;\">প্রযোজ্য নয়</span></div></span></div></div><div class=\"product-specification-text-wrapper\" style=\"padding: 0px; margin: 9.0625px 0px 0px;\"></div><div class=\"product-detail-header-wrapper\" style=\"padding: 8px; margin: 0px 0px 10px; width: 907.188px; float: left;\"><div class=\"header-text-new\" style=\"padding: 0px; margin: 0px; float: left; width: 445.594px; font-size: 15px; color: rgb(93, 90, 90); font-family: SolaimanLipi, Helvetica, Verdana;\"><span class=\"specication-header\" style=\"padding: 0px; margin: 0px; font-weight: 700; color: rgb(0, 0, 0);\">প্যাকেটে যা থাকছে :</span></div></div><div class=\"packets-includes-product-wrapper\" style=\"padding: 0px; margin: 0px;\"><span class=\"packets-includes-product-text\" style=\"padding: 0px; margin: 0px 0px 0px 10px;\"><div class=\"product-details-text\" style=\"padding: 0px; margin: 0px; width: 907.188px; float: left; line-height: 27px; color: rgb(93, 90, 90);\"><span style=\"padding: 0px; margin: 0px 10px 0px 0px;\"><img src=\"https://static.ajkerdeal.com/images/dealdetailsnew/dealdetails_arrow.svg\" style=\"padding: 0px; margin-right: 0px; margin-bottom: 0px; margin-left: 0px; border: 0px; margin-top: -5px !important;\"></span><span style=\"padding: 0px; margin: 0px 10px 0px 0px;\">সলিড কালার জার্সি হাফ-স্লীভ টি-শার্ট ফর মেন</span></div></span></div></div>', 'upload/product-images/b3.jpeg', 0, 0, 0, 1, '2023-05-29 15:06:23', '2023-05-29 15:06:23');

-- --------------------------------------------------------

--
-- Table structure for table `sessions`
--

CREATE TABLE `sessions` (
  `id` varchar(255) NOT NULL,
  `user_id` bigint(20) UNSIGNED DEFAULT NULL,
  `ip_address` varchar(45) DEFAULT NULL,
  `user_agent` text DEFAULT NULL,
  `payload` longtext NOT NULL,
  `last_activity` int(11) NOT NULL
) ENGINE=InnoDB DEFAULT CHARSET=utf8mb4 COLLATE=utf8mb4_unicode_ci;

--
-- Dumping data for table `sessions`
--

INSERT INTO `sessions` (`id`, `user_id`, `ip_address`, `user_agent`, `payload`, `last_activity`) VALUES
('gqjx3pXUtuRe2UYPTLlg3sCLSyIB2hSGvMVmXfmL', 1, '::1', 'Mozilla/5.0 (Windows NT 10.0; Win64; x64) AppleWebKit/537.36 (KHTML, like Gecko) Chrome/113.0.0.0 Safari/537.36', 'YTo2OntzOjY6Il90b2tlbiI7czo0MDoiTDhxRU80QTVRdGhzVmwwY0xRbVJndnVKdVFYOWJGaWdxcjZKSURjaiI7czozOiJ1cmwiO2E6MDp7fXM6OToiX3ByZXZpb3VzIjthOjE6e3M6MzoidXJsIjtzOjQ1OiJodHRwOi8vbG9jYWxob3N0L215LWNvbW1lcmNlL3B1YmxpYy9kYXNoYm9hcmQiO31zOjY6Il9mbGFzaCI7YToyOntzOjM6Im9sZCI7YTowOnt9czozOiJuZXciO2E6MDp7fX1zOjUwOiJsb2dpbl93ZWJfNTliYTM2YWRkYzJiMmY5NDAxNTgwZjAxNGM3ZjU4ZWE0ZTMwOTg5ZCI7aToxO3M6MjE6InBhc3N3b3JkX2hhc2hfc2FuY3R1bSI7czo2MDoiJDJ5JDEwJE5sWmlxWGNoQWhhZXNCaDh3bThOeS5CdzAybnVyNmlZMXRMWEpCVmg5YS9hOGs0ZHgwbWpxIjt9', 1685395108);

-- --------------------------------------------------------

--
-- Table structure for table `sub_categories`
--

CREATE TABLE `sub_categories` (
  `id` bigint(20) UNSIGNED NOT NULL,
  `category_id` int(11) NOT NULL,
  `name` varchar(255) NOT NULL,
  `description` text DEFAULT NULL,
  `image` text DEFAULT NULL,
  `status` tinyint(4) NOT NULL DEFAULT 1,
  `created_at` timestamp NULL DEFAULT NULL,
  `updated_at` timestamp NULL DEFAULT NULL
) ENGINE=InnoDB DEFAULT CHARSET=utf8mb4 COLLATE=utf8mb4_unicode_ci;

--
-- Dumping data for table `sub_categories`
--

INSERT INTO `sub_categories` (`id`, `category_id`, `name`, `description`, `image`, `status`, `created_at`, `updated_at`) VALUES
(1, 1, 'T Shirt', 'T Shirt', 'upload/sub-category-images/03AFXfXUHfQA8i4qv3cOUUZ-10.webp', 1, '2023-05-29 13:02:49', '2023-05-29 13:02:49'),
(2, 1, 'Pant', 'Pant', 'upload/sub-category-images/smallimage1 (1).jpg', 1, '2023-05-29 14:33:09', '2023-05-29 14:33:09'),
(3, 2, 'Three Piece', 'Three Piece', 'upload/sub-category-images/download (12).jpeg', 1, '2023-05-29 14:33:26', '2023-05-29 14:33:26'),
(4, 3, 'Freaze', 'Freaze', 'upload/sub-category-images/s1_half-silk-exclusive-design-skin-printed-saree-for-women (1).webp', 1, '2023-05-29 14:33:39', '2023-05-29 14:33:39'),
(5, 4, 'Shirt', 'Shirt', 'upload/sub-category-images/s1_half-silk-exclusive-design-skin-printed-saree-for-women.webp', 1, '2023-05-29 14:34:00', '2023-05-29 14:34:00'),
(6, 5, 'Cricket Bat', 'Cricket Bat', 'upload/sub-category-images/s1_half-silk-exclusive-design-skin-printed-saree-for-women (1).webp', 1, '2023-05-29 14:34:15', '2023-05-29 14:34:15');

-- --------------------------------------------------------

--
-- Table structure for table `units`
--

CREATE TABLE `units` (
  `id` bigint(20) UNSIGNED NOT NULL,
  `name` varchar(255) NOT NULL,
  `code` varchar(255) NOT NULL,
  `description` text DEFAULT NULL,
  `status` tinyint(4) NOT NULL DEFAULT 1,
  `created_at` timestamp NULL DEFAULT NULL,
  `updated_at` timestamp NULL DEFAULT NULL
) ENGINE=InnoDB DEFAULT CHARSET=utf8mb4 COLLATE=utf8mb4_unicode_ci;

--
-- Dumping data for table `units`
--

INSERT INTO `units` (`id`, `name`, `code`, `description`, `status`, `created_at`, `updated_at`) VALUES
(1, 'Piece', 'Piece', 'Piece', 1, '2023-05-29 14:35:14', '2023-05-29 14:35:14'),
(2, 'Box', 'Box', 'Box', 1, '2023-05-29 14:35:25', '2023-05-29 14:35:25'),
(3, 'Kilogram', 'Kilogram', 'Kilogram', 1, '2023-05-29 14:35:36', '2023-05-29 14:35:36');

-- --------------------------------------------------------

--
-- Table structure for table `users`
--

CREATE TABLE `users` (
  `id` bigint(20) UNSIGNED NOT NULL,
  `name` varchar(255) NOT NULL,
  `email` varchar(255) NOT NULL,
  `email_verified_at` timestamp NULL DEFAULT NULL,
  `password` varchar(255) NOT NULL,
  `two_factor_secret` text DEFAULT NULL,
  `two_factor_recovery_codes` text DEFAULT NULL,
  `two_factor_confirmed_at` timestamp NULL DEFAULT NULL,
  `remember_token` varchar(100) DEFAULT NULL,
  `current_team_id` bigint(20) UNSIGNED DEFAULT NULL,
  `profile_photo_path` varchar(2048) DEFAULT NULL,
  `created_at` timestamp NULL DEFAULT NULL,
  `updated_at` timestamp NULL DEFAULT NULL
) ENGINE=InnoDB DEFAULT CHARSET=utf8mb4 COLLATE=utf8mb4_unicode_ci;

--
-- Dumping data for table `users`
--

INSERT INTO `users` (`id`, `name`, `email`, `email_verified_at`, `password`, `two_factor_secret`, `two_factor_recovery_codes`, `two_factor_confirmed_at`, `remember_token`, `current_team_id`, `profile_photo_path`, `created_at`, `updated_at`) VALUES
(1, 'Rana Ahmed', 'rana@rakib.com', NULL, '$2y$10$NlZiqXchAhaesBh8wm8Ny.Bw02nur6iY1tLXJBVh9a/a8k4dx0mjq', NULL, NULL, NULL, NULL, NULL, NULL, '2023-05-29 12:45:17', '2023-05-29 12:45:17');

--
-- Indexes for dumped tables
--

--
-- Indexes for table `brands`
--
ALTER TABLE `brands`
  ADD PRIMARY KEY (`id`);

--
-- Indexes for table `categories`
--
ALTER TABLE `categories`
  ADD PRIMARY KEY (`id`);

--
-- Indexes for table `failed_jobs`
--
ALTER TABLE `failed_jobs`
  ADD PRIMARY KEY (`id`),
  ADD UNIQUE KEY `failed_jobs_uuid_unique` (`uuid`);

--
-- Indexes for table `migrations`
--
ALTER TABLE `migrations`
  ADD PRIMARY KEY (`id`);

--
-- Indexes for table `other_images`
--
ALTER TABLE `other_images`
  ADD PRIMARY KEY (`id`);

--
-- Indexes for table `password_reset_tokens`
--
ALTER TABLE `password_reset_tokens`
  ADD PRIMARY KEY (`email`);

--
-- Indexes for table `personal_access_tokens`
--
ALTER TABLE `personal_access_tokens`
  ADD PRIMARY KEY (`id`),
  ADD UNIQUE KEY `personal_access_tokens_token_unique` (`token`),
  ADD KEY `personal_access_tokens_tokenable_type_tokenable_id_index` (`tokenable_type`,`tokenable_id`);

--
-- Indexes for table `products`
--
ALTER TABLE `products`
  ADD PRIMARY KEY (`id`),
  ADD UNIQUE KEY `products_name_unique` (`name`),
  ADD UNIQUE KEY `products_code_unique` (`code`);

--
-- Indexes for table `sessions`
--
ALTER TABLE `sessions`
  ADD PRIMARY KEY (`id`),
  ADD KEY `sessions_user_id_index` (`user_id`),
  ADD KEY `sessions_last_activity_index` (`last_activity`);

--
-- Indexes for table `sub_categories`
--
ALTER TABLE `sub_categories`
  ADD PRIMARY KEY (`id`),
  ADD UNIQUE KEY `sub_categories_name_unique` (`name`);

--
-- Indexes for table `units`
--
ALTER TABLE `units`
  ADD PRIMARY KEY (`id`),
  ADD UNIQUE KEY `units_name_unique` (`name`),
  ADD UNIQUE KEY `units_code_unique` (`code`);

--
-- Indexes for table `users`
--
ALTER TABLE `users`
  ADD PRIMARY KEY (`id`),
  ADD UNIQUE KEY `users_email_unique` (`email`);

--
-- AUTO_INCREMENT for dumped tables
--

--
-- AUTO_INCREMENT for table `brands`
--
ALTER TABLE `brands`
  MODIFY `id` bigint(20) UNSIGNED NOT NULL AUTO_INCREMENT, AUTO_INCREMENT=4;

--
-- AUTO_INCREMENT for table `categories`
--
ALTER TABLE `categories`
  MODIFY `id` bigint(20) UNSIGNED NOT NULL AUTO_INCREMENT, AUTO_INCREMENT=6;

--
-- AUTO_INCREMENT for table `failed_jobs`
--
ALTER TABLE `failed_jobs`
  MODIFY `id` bigint(20) UNSIGNED NOT NULL AUTO_INCREMENT;

--
-- AUTO_INCREMENT for table `migrations`
--
ALTER TABLE `migrations`
  MODIFY `id` int(10) UNSIGNED NOT NULL AUTO_INCREMENT, AUTO_INCREMENT=14;

--
-- AUTO_INCREMENT for table `other_images`
--
ALTER TABLE `other_images`
  MODIFY `id` bigint(20) UNSIGNED NOT NULL AUTO_INCREMENT, AUTO_INCREMENT=29;

--
-- AUTO_INCREMENT for table `personal_access_tokens`
--
ALTER TABLE `personal_access_tokens`
  MODIFY `id` bigint(20) UNSIGNED NOT NULL AUTO_INCREMENT;

--
-- AUTO_INCREMENT for table `products`
--
ALTER TABLE `products`
  MODIFY `id` bigint(20) UNSIGNED NOT NULL AUTO_INCREMENT, AUTO_INCREMENT=12;

--
-- AUTO_INCREMENT for table `sub_categories`
--
ALTER TABLE `sub_categories`
  MODIFY `id` bigint(20) UNSIGNED NOT NULL AUTO_INCREMENT, AUTO_INCREMENT=7;

--
-- AUTO_INCREMENT for table `units`
--
ALTER TABLE `units`
  MODIFY `id` bigint(20) UNSIGNED NOT NULL AUTO_INCREMENT, AUTO_INCREMENT=4;

--
-- AUTO_INCREMENT for table `users`
--
ALTER TABLE `users`
  MODIFY `id` bigint(20) UNSIGNED NOT NULL AUTO_INCREMENT, AUTO_INCREMENT=2;
COMMIT;

/*!40101 SET CHARACTER_SET_CLIENT=@OLD_CHARACTER_SET_CLIENT */;
/*!40101 SET CHARACTER_SET_RESULTS=@OLD_CHARACTER_SET_RESULTS */;
/*!40101 SET COLLATION_CONNECTION=@OLD_COLLATION_CONNECTION */;
